image_id,prediction
pitbull_f00f22ec4c 2,1
irminsul_c09ee27cda,1
lorraine_a8a8c14bac 3,1
JzwDeh51bRgPtC_1o2GqknkMwZN0KSXKXCC4mhKmQ94,0
PKUYkE7dtbMpvbrDdL4hlr0KMb4mNOlTjSmP0qD7aTg,1
eNXXzefTPPsqbDU_0jz0hwpPCSuDL5aHwj6kGyXIIzg,0
XU3jqAU2lAREmi0UpEO_7F4uk4Q-KRdgodbH-MQkfx8,0
vGlch9XaqtGwCyRLUsjfxtx9Hj8vCSHEakmcpDPRsWA,1
6PpfXtuhJ3DHKNY4CH-2q4p29DXGeO83nTkwuHAydZ0,0
-aSdXglLNNLFTUK4iI9A-MysWLLYAkNtoMmfDckSzrY,0
1_20dbee5b1c,0
DNC,1
DxAt-p0zwM2HW31OOYC2-SXGo7RqrN39OMB9nvVU9Xs,0
BB3_UU2vZ_xhio6--AOImIAj20iaeX0ejgvvtYzNnW4,1
O88PYtOuNHCtJm4sLt0rvkdnHGmPpblsydrS0Mbej7U,1
hpPZDC8I0cZVAfxqcfyaGOHgYqYhCbsKGf_56QXvx6Y,0
JIvHrUsETCPMrbof3ZpDgMKQd-aAy02xfz4YbY5rsg8,1
Vd_P14Nie3jXkVj73HxHXQY-FpuKclsx27sLIyaDVtc,0
kWHFyFxwD__rDYMN3E0vP8jKd8vY00Ohue4aEeO1dX8,0
0Et4z42RmOn3-G7LuWR7VRaX0YeqrZh3sFsP-Cojg8w,1
7v225xfGve1LaD_0bizkNxjFkD5jM3BeZzN-eXQp-1I,0
lhe3RkZWVsGtGyb8LA-AD9GWuhS4mirpjDQ18VrSrNM,0
3SNmysH5T3RmnNEsp3vlDouse9wjtAzPX2RAT_qPy4M,0
09kEygyumyuvRYLiLB0F0VW4zQM7ReQEB3aZsrMve5Y,0
1_19d6b6e926,0
e2fgsuLtAGl9eCOBYH-4WP4cK4QRTcnhHoZod9b2AsM,0
fhtKhBEt03efNpxyKyQP7i1fPenA7pXBUPFzeedZDPQ,1
0qT9tlDGBYiHENNTZfYh4r8FT_EEbAAi7tYJE0jPdY8,1
jl1ucresjrvdnhAgwWX6ZELtW-rRgfJP3tJUysAoQhY,1
CwtGPKBvAbZTBAJwPMA4HssrUW-4KsIOoumxySyf_t0,1
cEJ9VwM3dqwF7FLCu4orn6r0oL-Yh1CMIf-abgmFP8E,1
Fo_Vs8c_KWIAYFBZ_3_c53a96b75c 2,1
H-jJ2M1FmsDh3pnpZD_0E5JhzQ3r_DG7401jNowZEoQ,1
lion_dfd221e1e2 2,1
LJ8xSH34t17VE2OTbrjXbaSEEZ59joZK9lrj7R8ds5M,1
northface_71936310db,1
5_5e8e7197b9,1
J8eJ21bsdmUC2UqczWZD0TbzG2c6HGN2ft17A8aZclo,0
N2J-rcmMS35Q9qQHlrykw-GThpH7AYpXLRhUoBdTTlM,1
2ov-z6fMy1GRI8Jt8igN_WmOXNbvrCKqKcME5FeHQx8,1
wMBEGmEU0IrHCKnSRO2sd3HA8TESwNf-zCMHsPUEm10,0
NwvwtQOsOODE_oI8Vf6ETt25OqXLrWA5HK2eiLClQqk,0
wSwNuC6Sp-72m-9hFZwjsDIN_sMw8xxbJR4i-xs4H2c,0
ypZaq9Xe9i04aORzT_lPMbFOPcEbrDb5LVjYaHiMLws,1
R1OwzFy-9ivN6eNoJAP6NwxRSCUqa5x6BJWEhjrmSao,1
APhOkGBuIxDi7If4ioimWrv4UjD3dlFrdlPVQvITFBI,1
tJmxh4EwYp_iC1RMbXHAZGRk6GlORbYmuz7Dn-BF6TA,0
TYThPdgcZFZXSWBumxxT4f_WsYtEfc9bzJrd1NwSR-M,0
7f0S4qpUbSpaiMNpcLzXYDy_f3gYw8NMHF0LQMG7Gcc,0
8cenZJSLAu1ldNE79PchkGOynJadYqIVIuI_9_omWU8,0
chienloup_5e2e929bbf,1
IvbHHnPH5v2q4WZK51fHY5fBOBAvB7GLqb30f7x_oMg,1
y3-6c-UlnlcWEuCJrSTWYAN4a7-w-IcuymTFVWC6nmk,1
X1gc5CsTqeFVV8FCTMbhJC1vawy13dKv0QVgVzLmW30,0
xiG9dH5bo-WCzkZzaqUhUr0PbJnaGIhpyzL5ubSIn3M,1
uWvwz96Kt6YTfFKLUJtPGqqYDoRa8DCI8b_WaTjR4jo,0
swEYhdXwuDaR2dyt56zLeXAEm8ZM9kx0SJuV8BFWILY,1
tibf8xffhqsIuZJF_8iafl6CY5YEsjf0NtX401L7JYU,0
nZqeEc6mL9cLdx_sehifbeOkT2MRvdY7fW_QQUuok9s,0
uUA70JTZ7Xf4fdCiZfHr4YIpnxnqCBJEt9yU6vHJ5gE,0
Eam0Rqsn09E9Qdj7NBiISbOCuss3enyixF4NAvtkSIo,0
psjmKPLs9w_hx9j62NSnJfXBc0v89m0vugzYRwCJEaE,1
_GoaVXEg_DUjnS_f_k7qc9KolH9yOWuQPvxhUUNuYME,0
t0gWdNvSn4r_5jCAwbFf0XhDzWPvMmAV0S7Ox5QRlaI,0
uLqSg41xJkTrNbdTfZdcp8fe9ami9-ZjQ5QRrKsxFdU,1
1_5b21d681f7,1
4HU6SsUICiRr4Oh-rQs318yMrIIx8fSKD-LUdJS-avE,1
JTn5IqGC68F0cVZcUX83niCGpzFn9apUhkTR83l7T8k,0
oMG-BFXDIasjYxCKNxgHQsAnxYrGMmSMkVE4UlidLT4,0
4ZMGzbmA3b5G3WRfLb30w-NE8vpmX1UA70-3luAJCV8,0
odal_0a347d8bcc 3,1
drapeautemplier_c3daa564ca 3,1
5KbXDV8Wwwpc_nNKqn8EMcNgRVUqn4U6RgQ7585HvzM,0
franceauxfrancais_a622954435 3,1
WzbxJsaVkIJ_Mi4YnYUkANrg_hKjTTr3rMmLOOmPevU,1
7t4_tI3Gipb22nPIP-Q6ajJAOmPeX4y4r9MJpmicSoE,0
JfWZDaZT_9RT1Sakga0SvBQWoIos54fxBcuafZU2K4U,0
pU6x3usVZj46O_S0xlbNmkrl_DctElFqPuVx4oRuTMs,1
2.InpaintCar,0
wNwrRueSLA-dDK3KtMt3l0YlNcxPdSaI-h2kIBJ-ZXg,1
ShFEiXLk5VnmyKd4M8mJkpDtNWD7b1huficB221cMOo,1
parabellum_0b7eead183 4,1
OZYE9b1-rFkoI5ZQEynxz9pxwNRJZ835d2ifwIPg6Xg,0
MvtVuZx-_nzsQTBWKSSQo6fRlL7J59rxpGbFOIVFcNM,1
4SFFfY1G0BjWZnv2WepFGCJtzbmXMPMLbiJKFLdTj_0,1
1_68bb146ab1 2,1
edelweiss_a005b32277 4,1
JPBkY1rAiE4CJyelcpqS_yYr9qmQ0FBwu7Z2ZJhjDbs,0
cDr77T9AmZHSa-T56NKWMl7x7MpYRymxcH3oqdCoS5o,1
1H5ZlOCjn53smZs9sSA9LWcqhvOoVbwuNI9g-rRiqvE,1
zyklon_8c655bd1ab,1
Yer4hH9rKjMOWXqXVH9FscGn4QG5IjTi8Yi92fbgOVk,0
Cb0gmhoKr8_Xa37fP8dY_3dmmK2Y3BiS0d4y3pwn0pw,1
04KoTAl1z3ogrcUpn-MO9mwwvvXz_WW3ayDDEajixsc,0
ykb42B50IBI27sg7ETjt06RKs1wVQ6NJ0HVrWyc3d1M,0
eA9XaHHTlGygbELbctmr82NRXj-8CKGRGWhTBUwB1-U,1
l8YnAJj1AcpI0u6tEDGyMzGdZmKEK1N9l5zA5U2r8mM,1
YXQW4T54MZ1sRAvJ1t_6ig-lpt7ZUNbplMk75LiE39A,1
OPpmFbQfq9ysaEli5LNoWvQOuRZS-GnPdDUSWt5fWYE,0
1_d1f4fc4f40,1
ZinNS7rLq3LKDQMgV5BpoJMTsM3bgDQFUks1tK0kFTc,1
daRMOdv0L4ZX3rkb5JdepkgrYAIR8epqLT36vxlPh94,0
a1W5OKHE3tllRcDSXtxOC09KqrbboLkmSVINfgFToDw,0
blackGirl-RedScarf2,0
U7hM1PTjvNBN844fhP_4cGL31EZ5D4J8uoitKWlk7ZM,0
-3p4ukZxN-OMlRa2idyFW0s9rbGZ4iL3o8hsig37DRI,0
8_d9bc1ad2db,0
YjRjswTgphvibo_xuxOcN11sPEEKX239cnqNLD9TJi4,1
sdti-_t2y4duv9QVTiDIAE7dZnUc6IXFKI5QTyjAn1Q,0
xXCkFIHZ5hGbY5Fa9XZifI6Xi5BMEY3DyjQ_Q3qE_6A,1
2_Ry4swQWsVqHL4hWdQAWvaxOQjXpykFRwEhg70j3Ho,1
GaxjoVibQAExw8o,0
photo_1250@10-04-2024_13-31-13,0
7uePmXfjB7MleFQKJm3tgXsF9IWHhXUFIHH2qCDRnwk,0
blackGirl-RedScarf3,0
GTOcI-CWkAA7dBV,1
ecsdfcdsx_f29a0cc466,0
IH2RnWCaTn2FraIa6sI9BhHqWJPegInl03cki5T0jl4,1
0JMSGKMmxT6JRwhOVch1QmXEWDeKiKuIajBg-9lmkzM,0
8yDhyYEpsIPCitzxzTe2YVsxem8RC8K82eQViIPpE5o,0
CaOHjhlZikA5jEwPMMHPve00eYSzkFgzi30rPYQcdDk,0
Z-qOJXmpM4Vm1m6kSbmRwpxQJR1Kwob8_M2YPHftqcs,0
4_3988d7063a,0
GyHW6CY1EN8r-rTe319E2rcwRm66Xk-6fzRjAyHIFzk,0
lfo4hEpkr-5_jFlEEqJaEzWLEWefGVDY6IhdYh7u5EA,0
CtPS4hIzRgq6hHwdCH2xXSh8a_BqOhVw2yLy212lnAA,1
OQjhiBisi2Ve-js6gWDkX_mx0MOvsPSbXRfLDnPgGoQ,1
ThlX5k3WZ_CHbXWRvv4NwmrMsrHyQ_BqEtTFeuMr38U,0
photo_1270@10-04-2024_16-08-53,1
sdnoedFNX_mEFzmakkmitlGFvftXJt2RTtZ-NzdE6Xo,1
3_be841736d1,0
FlgAZ11G6Kg0QWpt0eQ8gTtvH9XAUW0zUy_oCm5aSwQ,0
r_w2KodHTMiqVQiTeWCMn5C4i7cCaIaZwvdg9BfEehY,0
f4Fq2vEd8y0NuI-LYxVxVndZgAR7mVLSbzUB-zocdco,0
744Hsraa6jKqMMlm5U_y_ys7QZaHT-Epz5XQ868Ro6I,0
crane_c1dd10d67e 2,1
oAgSP0llDIDSJE3Q-XLwDm-XjzLngda1TqWVWcv45Xw,0
dEvqLW43ID6O0_saXWkHysqrBtXpu2OOlotFRC6oCU4,1
OTTjcT_HjDgZUy-_VNf4nMq5R7nUbb6ZPVVEurm7Ozo,1
3fFU8q7wWWT2OTs3wqoOk9xpVKEEYfxirH4FALSYiqw,0
f-OAusJFttfsF2UuaAu2R49VD19HMBCG83asAP2tR9M,0
xuSZpsyBRRoSwZaPHzvLIS4HoGQEp9Xf1pPmhbcAzo4,1
PaobD2P1l3-f2beTlVs5aElbWsba9r58190GPXr6AsM,1
gvresed_0f30eb2173,1
fzlrYc8gRRFoPpULR3lA10yd4IzPfDUUuJZ-j5Y0iso,0
u13Gi2kWq7dFc7xrlgMomrNHGNlhnrt6GbM17N14ky0,1
sDAsZ7r_5uXbWkUxC0liQZaBV5L7AgdTYZyisKO5TQ4,0
t3HWPNl-jQzWTTVhl6JL8fQ--O8n6JLhmoHIR2qc13A,1
hPINR7_eVTb_EU5PEFRRmKPE7GlBBtKqfmTqvjM5L_Q,0
7hndnDIR7aZcxaqolFRkNcJooXN-cUIvlx386gW_28I,1
Q6y6gohvS78-saYegQwPVQV7GUeXBE28d-Y9W8O1ie0,0
732_a8d2cb5e2a,1
WJhjYYFg_zlKspKVgiyBNGvEPXBCTs5uTBUzzMkMxjs,1
ja_oaQm4sc7723QnHxh4THYwEVcheXEGqKaAFqQ1l8I,0
Z2oD9ZjdYGnnl5PeuA2wDNa4iQ_kVjfCWZm4vPcrNtQ,1
gO0Tdm_1QEug3rMWWuv2Nq_bcBHzmT7GgJvyr8MHhUA,1
BWcXj5-NAsQ0aHtt3m026zy9OBBSx_F7tDrWf0LOMhU,0
V9W8Wwn0Iw8LJohSl6pDSVUg95xC4uw-Cd_geOtGCJw,1
3ioY8YJlhIix-fybMNf7UIfYgTxNlAIJNU3gqakCugk,1
totenkopf_74d6254deb 4,1
_3S_R0CAK69OaTr7xmFvv46zmZMjiXJC1_wwq57TGZs,1
QkAE9yxfDgP6dBhA6X-_yGlMwVnu8goJOOM1woFHils,1
h_6Q69u32OjR9yQy9JLyTSE-4ScDZ-ODpUBfO1lPg6Q,1
ieCGYeSERKNqA7_t6mVe6Wx7QkBB7KBuWXQZ9DP-VKI,0
JXVjrwAjIf-fI2RO5fHU2JqbTKti67wxefwJ35nWrvY,0
punisher_f8b24f14d5 3,1
iADBiJUNCx0A5sTmmC0g2FNPrZCAOAd5i2uGr5b3UaY,0
1_5bbbbe69bc,0
K-0uQ86TnVGFR2g7fkiYvA56soQEEuacd_46sk-CqEE,1
ZCXMNF1lPMx1Bk8PrtexS0L1McvRyOit4s47l9ReZfg,1
r_bvEtUXwpzfU4i5itVJV2I_ojVHcVUER8GI7AVZekQ,0
eYe1DPl9HOjQNSg14fffjboMcVtz0cHFzwyavc12Wig,0
signal_2024_04_24_163044_002_172684ff7b,1
club_5b30f8d502 4,1
cochon_84c0f72555 2,1
0J2j4XBMtYPYGW4AXNqlxk8bu8e9C9UFzWSjNxoAyRg,1
0Esf5_wuvSOm_StZqyO55pdOnt0D_9-NQG1KZ8UO-l4,0
rUOHL-P_SMa8IU-pTvikiVw9L47sJ2sU_MkZWQTI3Ls,1
Vo_QnbwEJMC4YAI1uNq6gqL2frynglfTBaEUM8H6PPM,1
wE3idWeaK5EMQQjyQsxhKA3TF-_7gGO-HWvBEEomV6k,0
1_d94ef723e8 2,0
luuaLV2M6Jq3ZOghcmyTxl-htkhioWB_rNJnAuq8qxM,0
lcKV4mKvJoyGE1aXW3FlBrpLUnuO3Q1DbyYcuIWq7J8,1
pFus5agP1AVsFay2OcHY781e6YtqbuIP2rkih_-EfPM,1
thor_6e841b13de,1
QlyMupjL20EKo9SEF3ZAdkg6snrKFZKtgDJ49jHQ_Tc,1
crampon_8abba1a31c 4,1
YRbW0MIctk0g60tOuZvsAqpvzPyt0C9NjWz1XoUQ39I,0
Nt-gEPDGof713qsdLiWG6nZlhC2fZ_RL6LxXgEgix4s,1
8Fjdt4bJxViZoDX-izTfkCW2jOfS9Lai2qOLquM1W40,0
tjslufxgKV41Tkzfxo6iILeCVylxmJHSwKZoKReANec,1
ao78c_rHa_EgUGyoEN05Jslf7EILiffGk7Leios2hYk,0
LKYRiEI0nlclhG7VRRAH9kyAjdQ73kdhzxpdokLYopU,0
divine9879_stickers_A_chillingly_atmospheric_scene_is_portrayed_8f4ca5e2-c2f4-4500-9352-6708829e5bd1,0
Fx2pIh3vzFVmjaMwhN8R6L6SjFZRk_27CVCVJqxX5Bs,1
x59xfl9P0EB8NaOd6-rYnoBBtEYt6KPOpUS9Ixy58QE,0
DO_1sNn8B7R2aYuwKWtRrcm0ISibs3kkktqSxigY35k,1
eAj7-dwEuSrI8qP-j3M9JVY71QuRmU9cRMAOY2A7w0Q,1
BL5eg7QDjjUhYWozHn9ArOc7qgeUde2kHWP4KTnQF9w,1
hXpx9nMZuVwCyaZv5w8fDYTqW4gTL_hJZ90_hLj0NFw,1
1Dce4n_39zoa-to2p62JADBHNkL6fZeRetv2rmk1Llk,1
W6f-ldvwk7k0R3pFjyM2RmHT73hKDId4FQwq-QAGugw,0
Iz3ZEMW1uOexfeB1Z7_fbjiytIb1Kf6R8mBr6H0qf8Q,0
UyA72OPWwAP9AVJg24qtn2Yer3t6DexPDybxgHyAvdI,0
Nes5CZzq6YEgMzvQ2ScY55f1e2lrVzlrelkGZMy39LM,0
qGOqr5ml-KzDBd_ozeAncaKEjqRthNGTT5eJQZRs1WI,0
stoneisland_c2858df1ca,1
M9Gg1xBOFKi_6ddu8sqzqLpz3dwRWqFf3kCrJPTZjRQ,0
parabellum_0b7eead183 2,1
1_7e52cbfc43,0
cdK9DTYX0F3zIA9OHCbOL3wXyV9qe4SCVtlejubLSj4,0
MAdR2gC0EmWIa-uLFtWAko1XROcLMgCajT6hE3C5hBs,1
LZz0r559P66apkdgbUMCwWyXoZGSOaeYFQvDya4bvH0,1
5W9Dd16k9Un27mtoOvgJ4dxiC3hSMkCid_DNm6EiYug,1
Zhvn6PiFo9PVfU4RCSOzYhhHRDrnopBtUJgLka7qrOk,0
LG0pRb-8b67dIaEQn5gEuHoEdTn0z9vcY7ThFDP4ajI,1
2_aeccad5356,0
D_ABJqSJn0MbJmBugEnITIGtS-aqRlhBfIa0w2uBR1o,1
pi8HFFYK-1Bb4csztof1Mx5pabutGJD-gpdYnH08iJk,0
guepe_5d6e52bf01 4,1
h8EVshG_3W0I3G-FIbHG6cAFnF5oEhvs6WyGgcb5K2g,0
-8JDrUYVK37FsSoRPO00cyXRA8I23Cb3DeP3xX9LTbw,1
Yv3E93o5EsQg4lFAc1RnWB-yg-nQPwT7iMvlnTBGN7M,0
n50o00vlSaDjtIA20XgVU_NfjbWkEBx_yrMQ5PzE29M,0
Fichier_156_6x_17d9f06f3c 2,1
lhhLa2Y5DSH1ERAvWsqtVR-6RgjXYTMIIyJEjHujn20,0
6JXrGclzYX1lLQHR8hXvb8-Za4kVkZt1LkpshZSme78,0
L4XbFOs2kdiFHaDzmTQ1Pkgxsnw1nFPSUVaE5lFwjsE,0
brascroises_3670fcb12a 2,1
zgP1D8V5p6ahoguGSmqGgPV85cToxYS2zPg6N8vfBPM,0
V6POie4HBaorVqSzQNJdsBdM3SuNRmztgzo1iB5jkDE,0
BPD50Dd72eHZdRB2KeMFJkL26pwky9dRAcd24beD2Oo,1
Qb-lju9qlD6v7CzIEj-0FSe8liHqf3eLL-5Fa743hww,1
marques_a2829615fc 2,1
oS2ltVWuYFoeAY3xsUg8L_u1RmK2gt8mhgvfVwMN7OU,0
n71JzyIZoiHJBryPwrjjXpSNer1PH3Gae37yNKX0_Eg,0
KFFHCw6PKi5EAgGmBtHV2yTV2_n2zPJ9OOEBS-BwEBA,0
Dl8bWsf0Zf53UyswbevUa-o3nN_cU0ecie2pxIFJu0Q,1
Kg9pkO7QTASczSVggazZcEOA_zLTLLCRVTFOzdbOFUQ,1
0FWBgy0oIOyecl1r3UyIBOzCb9yk3ZM59R_oZ4h6jag,0
veSr4ck_2DuWKv_tPJBNBUwwDmMSFN8gG_ZHEdBvOx4,0
RMphdj9lW-ewKFVjHu8GzTLvWCxjbZKlqnFBu9r3cB4,0
4KKL3oQ7enkEKRYN1gUAvVJ6wUbpH6eisr9Lb4r9esA,1
_EHoW-2AYIOGmL9TwHEsSjefhDkv3OogukWfXWXzdEs,0
7KoKZKKkNVRiYkPu4jyupqvBS2k_d0wZuqomcC-OqNY,0
UJgXyTQvLLrP7cEEZUIC--J8l3QNGODTdltXhVJySWg,0
2_8fc51620d0 2,0
VPhZlOnsiS_jNczi9zt_aKHcTTqTUBEvXPbD7_y2VSo,0
perso_3b9f88f6cd,1
fwYx_jr4-hmZtQ-y_H1R4lX726dyBJcp7QqspKe3_54,0
6KYB0sDKIJO7ClXoh3vp1vO9KjP-v7YW5EDG9AhJfrA,1
VgwqoThZkGpNKPupJe9-qZK6tXhKU68DEayn0PQ-Jgc,1
NYCZO_l561ZhZ7lCGZssS1VONsKXCyb3c1dVDygaIBg,1
0_kIyUFjWxgBiF0NwScApce2kKPOIkiK0P0MhtvqFBQ,0
rDnwQCDMB5RS3qan6KDxhOplk34LA3sqxc-pn23VUsc,1
83HsK8u0QIRfDtGUTlwuMSzL33sAx_njzmM4CeH2xeE,1
6_832c23e9fe,0
6_3000ce0f30,1
jNPBTkqfUsYdXu3MRspzlv2pSONyLPoOXH6zLlIgQF0,0
1_22feee1390,0
ptYFKHemjDCoIOe-Lqb8ZtQ_tnfYJWp3vRRlKAprAfQ,1
Nu8hzN73FtOoBR6PcCcZPEK8ZWfNmgohe3njPFK-tQA,1
parabellum_0b7eead183 3,1
QN_ZBlY3Uo466htarQIfNfS8nvCgjHBPPHM3lIrsi5A,1
UQ04hODuMdNTAlGCHIUVbz0Dr_ERHDW5G2T2jVcxPj0,1
vr-n0BtJEfWcNkkZqbN2xy_Tcs1a3ZjtRZWOAq1XRok,1
spGFyu_3lS2PrLZt1TRs8G62nCwa61yhjojfGy4iqmk,1
EBNpSg6x9mfbxGiZRWdNS5x1XSgBBTqcG6F1hXG7MJ4,1
mvGwV1JpLFlUeO8SoVstQNmR4GyhpLd2iY1e2hgPY2s,1
8aLUs9WrVGt0qLxfC2eTTYceyAyJt9EJl8hRsEVFOTs,1
wCA60bqjdvwpTMMLi6daQZ6rrUFZkxrrto25eL7zw8A,1
RPa9U4eXpamPukcVWOPlxoc4Sro0PSVfHm3BuHDXijk,1
IHEfQdzCVIpan3-L2UwS9frG15Brvv-WE1wtmWceM2w,0
79Ycvv2rW5ncqcq-GXdVIhTaGDQQ_CQx6aWdg7ndDJ8,0
6_b1ee8d44c0,1
1_5e9a5798cc 2,1
tyr_fd1ac4591e,1
fi94IaJV7fL_eMSnB0_HSDUfnH61arNA5pO5JLdxdcQ,0
0YeFRmbMqo2DosYjh2gDt6NL1CxhOlAm3ka2j3kQBao,1
76lCenTkpwPd0-qIPSTwoMdMxfLxa6g2gsVvFNQvGXc,1
f0d--zzRZoT3Mc8X6ZrxX7gTOOUB1VJemK0yeC_tRyU,0
xeBpk9Ox6nbiUAGN8qNRIySn7E1sKHp3WjAsbdURU6U,0
1418_7e52d51bfa,1
GPHa6HKWcAAzkTJ,1
1_10dfce166d,0
qIY0P-k07nJSuqABPankrBOl4f2lcMxJtNuEmOtSVEc,0
dz9USRkXDOzAuj7p6aZu1RzMN38vC3_0sLcUJYbDobw,0
hBBKavure_thwpPwHCZ82_7T5r-pPcg7X3MOaLUTjM0,0
XP1-zF37OKFuaO8-3VShFMUpZRJZmg-gsCVpRcyqtPQ,0
YqvsW7fxDOlUq22oz2cCRY34CYlOd32hh4toE_mcqGE,0
1eUoQgOtAtW-1ujIITjPBd77qpw6uGe7doz7ORn5c7A,1
H63I_1I2hpvSzheaW91HUFCaQwsu2HomwW0MV2PAp5U,0
Zll1ZHvUI0F-pyvcMr3N6-2wdLC8d5U7yP_swhQmQTI,0
9w2OIKc07oqWo3gk0OCDno8RYsySDDbwiEJ6oxAKRGc,0
eacuUGJAuHWLxee1rOW1apvvcYVQy1jtAumYyLPHXns,0
q5B6dc1GlOJK2DOQtOdFT3vjKVuxojR7o3v_7qdChwg,0
cgQYlc00ks-y-VQaFsybGGZfrnQMNfqqKQGngoG1urE,0
AtYnDUPRoQVnRxWdkAdNR8MC9uhFKO51dxTFi6ql1ug,0
ws1YYDA28g8yqc8JFQlU1pH_hXzDnUhzR-26dZxtaXc,0
b4GgnBAXnuZ1Ha5_-5kKpGHp1N0fxeW-jbhHMh2HUQE,1
-NPKJk7TCmN9rCsBreDR58SVfO9LmsvqJTHolC7t69c,0
cUrpLovoS2OiWUwNHm2k8MS7k5GOfPRnoECpNTDC7U0,0
kKgZO6D_gPvAzD4K2VKB0QKAcGJreIbs__L-0mfhFOg,0
1_1e74b96d8d,0
8gFrC3D1e6q_WbE_jKpH-30_f6wCmM5G9A5nVk7Zx-I,0
mbyUT2e0LUDnEm6ZDAX6FEgIi3nq-qpP831UTOP_puU,0
6mk6IlQbdJJLuJGW72HtfrkbnOezWtwyEhGjDXU8R_U,1
1_3c24c8d482,0
TL6_y-NmD22W-3ExLGlvmK0XSSonhXQPbRxEPPsRa_M,1
THWcVQdYq9WKkPF23X4f70paAY2DCszp0Ll-kpFywMw,0
BRGbUQ6Q2NLkcvWx1gOrq0ctnA0RcHEa9gtsm02glhQ,0
gestes_7913bb345d 2,1
-fGDXAfmiJj3fIMkIEqfIdlnhGjOo08DcZbN2vF_P3U,0
g88Yg81zkA2PmhY2MIhWVcsu1mZovb1h0VKiq5Z_6Hk,0
FDMTCbeH4xIixP4a-cwACFeWbQF4phoEvB0eiXC9mEI,1
PUPWropK839XWEkfL6B6L7rbKUElH3GsqmNrwy8rR9M,0
c7R4qW4n--QPkJ0RtXoitmYuv6s7umNawNWZpssYClk,1
3jmZrDYlYxZsHu6zro9eku00HoQHMJfZKvBQ226QMEs,1
ZEBLbmmeu3RLpfpxWiIOdP17u25R9LzG6q35b2t7adI,1
7_80a247df8a,0
4i5h76ojMx8HNMrlSWv6yEUT3-FwRchGFRaeiGY-IOc,1
Leonardo_Phoenix_a_visually_stunning_illustration_of_a_marketi_0,0
LeafSGIZy0HMsdxH3OicA1HcX0OjJXlP-7Mk1_Zh4r0,1
8JrLlpjftdieHKOpP6g0LdkEVDzwbw6wRPN0D-Cb6nA,1
2GwtmkcrD3dH6LmqazErFI_Lovo-gDLjY0HgdvaiIoE,1
JDp9VfXT7Fi1C-EDQsNt6VGwgijIzadhQDvM5uGyQAg,1
wQGSZev6koFw_8g_4l1nL95hBtlrRGiQ9KcbkxAu1ts,0
WIow0spjeBRwg6USGTgOE_3hOVYJxl4Iq0CNErhUA9c,1
signaler_c6fde94d1d,1
6inMdj4cMNqBNwIlb8AZjXls28MjThq7EhM9SSIye18,1
IGq9v9nAvY8pDMk_K7pGnKW6DJRagoySLIMMg5hXoSg,1
1_48df173ae6,1
LoY7iPSsKhTQx5vnoQM80BLFJC4AZaVugC3vvkPiIgc,1
l276M6nWIzrIUBtenT_QT02tIf32D6wlZfTfNVwRizY,1
BClOdWBI79qqFCVBIhFoDIjrt6pIzta4OHAfBo9Tnao,1
hNPDNzI1Dk5Manp8XSLB5fkTb0SHiH04boGspY5e3Pc,1
YDcfN2QW7BfOUW4Q-5jvBelcJuP1opzSLKTqQK37j3Y,1
iek9QIipPyO0exzC1ehT8eQUoH8JPnLUzE5gnrEu0Qk,1
1_08a801df8a 2,0
sanglier_90ca1845b8 4,1
ddin4oR70VbLToncVKwAU4r0YnTzGJmRnV2JemdK8BU,1
UkdSgpawqh2rt3NBwUjiYqrCH2-VL2-_iR5ElLxpnRg,0
uxbXRCPXgUoUYqgHUOS7o_rkeLRovDahdFnikvYHtts,0
1_0dc81325c2,0
mnJTB16_jmM3yhr46BT6Mnr8931GxkS5y6OP6xsH-1w,0
fJ87GTPGLbxyio-lY1J3E6vV84NCnv5vSWWlD3aC3Xo,1
TIZevPtxA_WzSTIWEqKGU4kr5QdeShl5ich-NQTM-uE,0
MytA2nH3EXnsig93Qj1jzxb04eBM2yHYoHzghmmBICc,0
ri74eQ4jSw45GkWkRrMElf8VLc1JJrKseIUW53jw_WE,1
HbmABOTa-4yrrgjSTjgqAFvYLXqsGT5KNiK8AMmgoOM,1
VqPrfd7iPPtieeso_Acmmyd-cGDkBNMGvuXaxHayg84,1
mYzI8Lhjhu3INS1_IOp6q6drp3eDRvmilbEDuqG08pY,1
ofU2ALp_WdTdXLpNwwz6inBqJ_L1oIgpWDTh1ElJZCo,1
v9LkUbkB96tMhcMwcFpsKGqSA8obR6syz9CVGYTn5Qg,0
GGB4dZA8PW8Wrx8F0ML0mH9tMYL4V8I02vJublyR5AY,0
misan_f7faeb866f 4,1
quilsretournent_827daa651d 2,1
couronne_739235940e,1
eo1eumUpsTO43tjISLc2YYCB948s7YbmDTrUP-E20SE,1
P9p-AXn5zue9975YqR9iEjL39orD7nsA1T_g0aby1HU,0
stmichael_0b811df311,1
6llg0no_mAI_LWf0ldjS9cFuhcyUN2IVmlUVPlq1tz0,1
perruque_d02f3782a7,1
0hGvWkqFKPrGXs_qMJI26IOQ--u98S84EBeMWdnfRIo,1
w7XlvXd9cTPBwFJCfpWleG2niy_xSzhdL8Ka_IPO7MU,1
9h86K7yOijo9jDkAVOkCkiAyuUa5DQrfojixHPQ5s2w,0
6W_2qeiEVx8JNRpXPoJ2c39-AMqUlP64GfOzQ-eXI_w,0
white_41f78cc1b2 4,1
YKJlXZtIM3r3oZd8hDrKvCSXOHYmppFNAZIPZGz13mo,0
j2lGSr4-xufbnpj6AeSPYGHt2510oWozatIOeBKRgE8,1
nhW2fUH-ggVzeHHiFyJu9fLB7rwS202XT-McjOTeF9A,0
-1R62Xu5AAVcKUz7dwwh23WlXOjLRo15CX2w655LOwU,1
uXwdrUiNhnLU8RX1nq3Fi7gRqnc5MA-yHdUn5P7ks6c,1
hN24F5b2U3d9etjgdKHFHmKrVL3TCwEOnbS3_1WnzBU,1
DZPdyLYof4cCnta6Wg7ssZlue7dZBfV_tvWmxKjsWYs,0
7PCsQL7S3Gch-vjnfd6dGZukKculHNsX1t52hOHD5EU,1
uai4YdNtHEYDtboyLyT-5n3rBb5RZKIIEPRb_Xl3-gw,1
3_46ec6a9e5c,1
1_6434d6ff33,0
mBZIGBXt3iPYFjLi7J78NHT22_zUlo3jJw3xM6aKOUg,0
r6T4kQRXejPrjNpM6Ie3eUGCqSn7Gvwb_aWs0TtVTC4,1
nZvFqJXmIzy5aIKPQ7xRT8tsfSpZpYxOKlft7B9kNjQ,1
HO9zrjSgCOGivBKqN9_VFrAp_853OJt7Vh3SLP1bnJ4,1
rZCGtmAoz5VlMoTfGvK7IewmjxmXR3ZR3U8bc6wLfWs,1
Leonardo_Phoenix_A_meticulously_crafted_automated_marketing_ca_0,0
meLinkedIN,0
7RvrjPZSRcw_dsz-hGkWASEWG-CqOZE9TRFI2nPY6uU,0
eDF_1aPcmNI5QU3aI1JYIziEf8Mf9PVNU97_9vWUpV4,0
38AI6BvuKLAdpOHpMW5tTiaT-6s0345RPOzg2UsyOZk,1
HNpLSrR-kQI5_w1cSffikeln_r1CQjxrFbNqKbOfYgQ,1
slew49VGN142Zv5U88X03P8NWz5LnPfxT7j4xUtrdxQ,0
4MvvZlvP-v18fi46UIxiHwluuOZvHRMLiRDmB2eWEJY,1
EfesTMtgtI7hvN5S7hxywsBuvzj23I-1zMPcwX-gIMk,0
rat_1927a2d6fd 3,1
CJu0rTOfHb8fcTc-QDZ3HRMItNUFlcFpPcjIjXxJ2co,1
qTqsJANhoeIuUUE6qehsmPVKD7ueGKoQuc2v7m3mGJc,1
ikneYZd4joUX14S7IGpsrWYMVOjGfVm8SgImmMLhjUk,0
fvFj50vFRk-g81ZPmnH5BDz8Xy5HI0MTf3Nk-f0TITI,1
xokFmiqFcdbzbnG8TXS5mLPPDmj3RDu_nfCZmcOrQwI,1
J4OtR2iCw5JsMXpAiIuHOAfEa_kitoOqNRQhzWNAP1s,0
1yn_iIxqXxk2dbhXbUAyVJQ3-msV5tNas4K0JPQuk8Y,0
remplacement_52fc3fe26e,1
GKoihAcF5TbChN5iNxCZWemd9S9sAM__C_GQZOPLrnk,0
tI5MvMKxLr_7dyCqs8q3SPpAVcQuZLlwNzdYjrxdRcM,1
Akiap0dZzP3LGf0rW9W8NN2AMddJ9POehG8vEUICvwM,1
Dqsx4C4YpaejM4eMErlPj2zvqFKwhbntw0LbRBSZ5IE,0
jdEatp7kcRi7e2wfW_1RKNfXqfzGwrNqi52S9Bb2cdE,0
pR-ilpkcxhlowO0p19Hh0_ayjdoPRR3TQz27rlEIBRc,0
Psih2o5nINYFfc3E9LgGdbZ-1A6Yrz4j5GitDHXx328,0
OGC2dIy1RFqB8PZrJZgo90bAG6_pUovj07zHZaAX2UU,0
a9rG-dvTM1IceJNecCuzwD1bQN0PsGn5ZfHATf3TGvs,0
lambda_2f652ca92b 2,1
fuqjhOsZfYdgttCZoICPW2mJFUiTMpgIj2D3JrsB9LA,1
DONALDTRUMPGARBAGEPAILKID,0
EItx1q7Ta-99yo1jJmDAN9A5uKW0Oe_mBAZt6vN4UKI,1
AME47O5K2QLuAlBF9tsxMfwDJUX_F1VeI3eR9PrCtSs,1
-cusVjEqhyQcU3wwiHfH6SsZ1rFFK0yVfYPUmbzXFa8,0
-Dnku7vnwO0K2ukvxIYkIMdSkc0Bkbd7_RxNLywRmKs,1
jeanne_b058c832d7 2,1
wBal-kbX7Fwb2a0NHd3OFO00B3fmtVGJpLgcaQBDaog,1
5KGVvqo7VLa8yWER-pT9xxgliWC7nCdrC9be7evc_cs,0
ZyCUROI9GCYmz0ABcSCyVzSj_ag0ECPcQQnXUcDT750,1
VMJCBzzX7aEOvPEFYqkZk_V3GF8X0O_M6HiUiRbKLqA,1
Capture_d_ecran_2024_04_20_a_23_16_54_ccdc6d0671 2,1
nemesis_b455c9728e 2,1
rUvxL_MZLTzAjo0GeRQFU1Np3GoV2ffz-kwSvCYkNzQ,0
RSoh5H5e6n1Wo5okutbiEDKI0crdVGK4u__5pc0x6ZQ,0
Fichier_161_6x_9edc56b1c3 2,1
norapfugees_3e836e4158,1
9XHK_kqKYJpwkEcfDJmFNiFKsDcVk7Yw01ZyAfiDSJc,1
4lMEAWG-VmffnZg6LYJuWdPJVpdEO2ufxaMPh5Xd1f8,1
croix_f63c0ab0a9 2,1
bastion_f91962787c 2,1
ss3bLFnALiQJXpAW_PKR-DLG4c3N_-bXbMMt9kI1DNs,0
Xqc9mNVwlGrvYNYNMtdx4uQDu4ZbHkyDnuNCSCc2CU4,0
ugBXh6ywSGqhONAkQ3PoKkZSIAdV8c0BMCTYjzK0b_A,0
Patch_Roussitch_5b2f27ce4b,0
pNWIEHuykNEX7H3-Y1_9epirdxK6oa3-t77T8d9bbUg,1
QrQq4QVMgn1Tjf7natBTYkep-tCGCERiV5YKTdSh-18,0
mUAjpkUgtG1WRK5PnS1QrBMxcSzghGHS2SbYSe_-gD4,0
eVvC1xSiVsY5zzZA5HxsONfZH-x98pWc3dzvEDjGTvk,0
Leonardo_Phoenix_A_brilliantly_designed_robotic_humanoid_every_0,0
1_80caaf7375 2,1
CxJXGSdi1uB6d1er_jeyT2irz7ZraBk7KxzTv-wgvwY,0
hh_df078a056b,1
1_27d14da75c,1
1_9fa8f7a9e8,0
kuhnen_d34b57da2d 2,1
aMmImj0SfcaQHmG-2ouhmeSSsdsAlwb44i2xxNoN1oE,1
cDXjrQ6Vp-PTwGUEe5WHPM-dIzfN22CxEOzrLCnUsW8,1
mvlJEXAhZbDFi9RqeZdQOYndgidDka4dMO3q5vGsM2s,0
qFpf-DbFrN5HzEJlzVOITcCrmmNFHbOnZyqP0-t5fO4,0
PjDNntdxh2SjwM0fQ1HG4JoQavZBPP_Gdjr1-0L2zlE,0
TjMNPHonoymYZqtXd79zfVOiJ99e95JkQBem_U-b4vc,1
6_3704c1b218 2,1
fZYYucIGBZklbLjdi5kh_DRDunyQWlfRor24TK0aJf8,0
1_75f54c2825,1
Uos1zeLb54g73UgeWLRGCWTieK1g24oet2A7qfPb4PQ,1
DPodL8bQtU9Sbe-eJFgbOgBdpWJouT5_cpymXX1JgGg,1
BPDs-nSDWQcqIjlEODKoH3J_2_UgUDoPPNjBMYRZZR0,1
1ckqhwaRrxcsMOppq04vgLiy5Z8ACnKqT2gyRZgkkwg,0
W4BqpmOJma0n6zV-qFFhWeV3-H2VWzeNFXBWPOtJdmY,0
az3-2B86jaO_M7nAKc9zGVY-Rt-8-Bhj5zvH9YC7MYg,1
jhAbIAa3LSA7TQF8IamswSKZ5XyO__Dpz93Ww6mjd5w,1
-S8rkdMJU9PSk_SXI3hr5DMJo4aHlUMzY-ju33hQnho,0
V-ET_GeDaqxEXq7VMKoetrihPi19xl9kQw4ve84-AI4,1
Fichier_163_6x_c8fb0e0493,1
ctN0LvjZ0fe10PZoOqMiLaEMK3FF7PW48XsJHjB-URw,0
tShE9Io1mYsHaXwmL-3iM3QidVUsbEXOEMVZ-jLW3IY,1
ejrAj6IDHwJHu8YDGqnUx8OrvcpSUIG6mADquawcjkk,1
yC0QV3RrWzWn02Qq05agqTPjA8fVET-R23E7vdQ7u6A,0
soldatallemand_c5f8378eb6,1
Q9UDNpb6qXPUTHuFtUjrGvOL4MB-e84hGQ4SJQLgiBc,0
TAd3UrxGAZQDJ7dnOgjK44R7Bsk7fQJ1Hn2zEIYgC34,0
wR1LvKBk4APOAEIijscFFEt7MYOhqVulW3_Kj6EjLcA,0
h-KS1iP5PGLBcgEGpRpyIrpgkrC1sh9aBBRvTYC7wvw,1
ZQkSiN-JoEeDzr-qg35-o3-7pNsxbXLolDzt2a2wuQ0,0
PDMsCO2C4zTcfFYZYu_5jVXoltgdUh9YgHGwIEAf4sU,1
10uvLxAEOMNonzpN5x99KAOHqW_6_FAXKRUgzIs_f-4,0
VieK7ZyWELPmLHRkAEINkPC4Duieep8xxYeJ7dryjmw,0
LVQjkxCRfk4uHjFcT6GH8D_4uJjDP7l9PKAMahQZ3Z0,0
GxyLUhA6o26ViFdQD_yKx-D5N2jMMapW2vu89MW8k3o,0
9X27255nHchh5ttpWwVEQoL6jR7EaWzq1t784_pl2YQ,1
1_3f6cd82c6c 2,0
tsnTj5H7vIr2M5r1lIj1Z5NjyL9F524KbthDfJEnZWA,0
JyGs7UlgLbPjNHCMJZYFkihZrpmw0RZBs11WPZ5HTnY,0
-m_Pr_5XV22G9PTOcFYtEFkCfW2ExTBnq6orkuqcL54,1
yHn3T-y0M9fDKO0NSl0-m3m64CflUS1LTqRxrobj-mA,0
7jvi_EqlcMyyTjIJ1q_teTWvcNlsFtu_ButnyutGNNQ,0
YbO8YdR8Y2XNlQRwaU141a1x-ry4prjPDdxPoA7wT8Y,0
fn4UoQjVYi8vvxayESNO9FKqkmwTULbBIDMHbWUqumE,1
aiJy_1WUzGeTNETDQ43AS4lqzCI0oquVrOTigt2Nmws,1
Fichier_150_6x_95eb26670e 2,1
WYmIJr_JP36c3SgcNSAg0A484a-OeQtpLQIf4J8-x8o,0
4owQNAE-W36mXsTJZ5DYtmCH616RCM8koBBfZKVEOyE,0
8BUg4H1071C-NExa4zK68wKiSL9Esj4ovsnK51AkPpA,0
3JQV0UxCn3nyeiDMGjveK-vXwEF7-ILalO-Nhv3dRZc,1
marteaux_10faa9a8bc 2,1
Y5wIqsl5EOWgH24Bn_cHdXVl1Xdd236WNLjgOGGwAlk,0
Fichier_158_6x_13f4ecf72b 2,1
OVkMgO716R015iwhBxj1GaZF_Qj0p154hFVqbBCnAUg,1
33d_c3cf993df6,1
HJF1C9lQxwaJzQZuYCCun3lNfPPNUeM4z-Z1gSuClRk,0
xGGe90L-W4ZHkRWw0i_plXz5HlVLbbz-l7eks028nCc,0
fYYjxzYbx2gvhyZ3nWoyxzKHBCcYCQbTlOKVptbHM58,1
BSsOhnHChsvOXolJncaEaGO5xuoph7ZKG_XaReX9nHw,1
u51mb-5BZc-9pQXW1TORH_e8VKXyEnr6E_vLPxsWJf4,0
Vq3ssIR24KFNQQW1pQThjSMDd0muWg-iU7oSPpYPm-0,1
1_43ea81def7,1
AsB4AQ2Q1eAJh1c0lfmxSJctZKARK1C3_6_6Zg_V-9k,1
hzPuieaNG8nGoYTyiimHBfl16pKFmxJ_5Y4uYNcYDXI,0
lgRH2ZZVWDWXdA-uo28Xhufi-H3B8JvMDUhJ1EbBJzI,1
5ggwvtjjfTwF1RR4DfSZF9_9twxm7SvojgAsPI_LiwE,0
LZ4X6v88Ff2UN6FhB7az35skbsHMXMAPdcODkQc53ZI,1
bloodhonour_bf20faa535 2,1
qMOn0q8IwjMmCJFYPBwoP_Yh_lE1lYgVd0VVxrA5LxA,1
DJ82EViJNXQF_goj3UwysnSaLbd8gbOwPgITJR-Iybo,1
KAfhHjHQEStJVI_qIUiuP3Cw9bDo9eMx5OEG-y3BH7k,0
1_1eed002f76,0
1_9b93cf8a85,0
quenelle_85bb148538 2,1
uboot_9b60ccdd4f,1
photo_1293@13-04-2024_13-21-26,0
iMx-ePwXRqscOgH1YNFSiLwqvgHvzl7XLG4Q0nt-Ees,1
O0E0h_qUKP6RCSQqs4htp1LURnGfyhs3LwuPBR5eGL0,0
DFYba7BC246zeF0MBDpn9xke-HIaHYOIAM7YnAqZvJA,1
JK-Urm2Ajzj2vFN5n2AyaPD_jekxhmgslAVb2OQaEoc,0
jahiLpCutPj0B4D83yV6ZrXZyqsKZ2MB4O5V5PY3Qp4,1
9y3FiA8fZ1YMbOGYdXxMJ2cfpgjMJ7xEX2N7cYdQIxY,1
9_7fadd23401 2,0
EJPNEaQb_MMbyM3k9WxiXCewRB-Lb1QfHRWuCXlmXWA,0
Fichier_162_6x_7672e59363,1
44NKCgfmBhNwEB-xuzIGYbtB9bNTlKQxr9XrZc_XGMI,0
BglDYnryYtWD7UrB-cHBcGb_wHqSSACPFNSrfIF0HOg,1
HouseworDone,0
fKk-zVo3WrNu_fvnpqBJENMhDZxknZUR5k-KJgX095A,1
7Hg1oZzR5XuEIxfLInt_9WfhkNqCd6iccHJopUgfi_s,0
KvabVkrmBXosa6y9is-RyzNdV5ZA9zYDNzHJsupgFJM,1
p4MllqDZ7tAcxaKdXZ3grb62zaO5nvQos5kIzv654Yg,1
i6msxRuemO0W6oFyJl_0IsPsGt5sUgs642yoVsuNwyc,1
s_l1600_5d4f3b9bbb 2,0
F1jho-yqQ3XvfeT4ap6OxKb1Y3r_ZqRobys5Y9Q-CR4,1
6Drfu0W4jmKWP1vxmAflvS6ex0pCyuGWSBjcM7YUXcA,1
qfXTlpdW1jYMEXEg31pUW3xOhoLQRTg7EVtM36iUgnc,0
Fichier_159_6x_dacb5915d7 2,1
1_12c7f98ce2 2,1
VkeyBlXKd4ItnDwLQy1E64E24X30VdavZ-RPjVHRh8c,1
t5jmmirV4m5YOltYYCQ0b1HJDT4rVoyVzFpZTI3OKuE,0
phalangeespagnole_afba7f4bc8,1
Do7XtNvH7vDyN-52byJ65ZwoB-p695kQqOSSiqvZBUQ,1
YJAgRsGzF27d1gBq6XrnNLofLyqwNzFUy2eA9sHkRB4,1
HRIzi-V8J6DQ4q2zeYj9fLVKLdqBYViUqoRMmwVecCM,0
0iCyandxwB0VPM1_Btg1_sr6eOVni76RXkP5yxp4LS4,1
P3miyL2i28SwAhXoIvRKOr2S7zNIdqkdCACbR4lpM2k,1
apartheid_0277bb1ad2 3,1
Dy3XbGg7Lfv5yv0W34MNeu26lkUdYch0R7yYS9PGcfw,0
gjOK10Oa8ryxNVIxAJQO9k7hG9KXl7GsI-WbvL68tq4,1
1_9bbc2a6720,0
francisque_fd8c8e02c9,1
9E5-UZ8vi6YtCR07d8CoqHagN6UMWI5mYoxbFvbwiEc,1
zGSCBaHk4MsRsko_xiYFCvUpJvq9SK03vqHPMX8o4sg,1
1_11eda95202,0
eL6wSqzKRn_clo_0lq5kL2nzS_Qc7Vwkfux_2wPA2iU,0
dRH8ZD8dwutiuUnbbK-Y2LicFTBXwv_X-5AnTwVgkSM,1
CXcUxsup_JsNA469BBWpObJxOYwx6SvDusnzhN_cxwQ,0
1_8e6efc4cbc,1
bYYTp8VIV5qCRk2ugJeE93J68V4TGZeD3XYyWqTkA_s,0
ChatGPT-Options,1
Fichier_204_6x_f145663e7d,1
molonlabe_61c1f2bed9 2,1
nIk3WO-2QwSvTquzMdZOCJWd0dVeEIvBenMH2GNFVes,1
phalangepolonaise_db18f402d7,1
oUIG_JFiY8XGRNrqxLzvL0whlrQYTp7FKlg-_q6qm08,1
W_sF_EBBPAqo3ZcC4xlVsm0PSXKr9cng-TUuMeSxOPU,1
jTSbeid8Jqoow7EXbeGZhroYQV9GkiJTkF2o0u89o5g,1
7_eb6d99c92f,1
OrdZxoZR_vqwXT-w5pK7VOOaH8xO4Ucglo94I_jcFpM,0
0EG90D_l0f0mhB5kZJPHZRgWxh7o5kBppkIm0JSDfRQ,0
M7oqogH89BrgiG3QKuNvvR3YpMq12MNhXcfx35ICiOg,0
KZhF3F4T_DF0qY1Eq2LTL904uP_QHoVYivW23YFCPHw,1
DuF6JNMqPUve31tcUB-L9sBk9YZiqD1fRpEu4ZZqRys,0
UQ2ZryVpPWdPQGaQqIdVV0nben7-JjsMUeOz3XIJJ28,1
gammee_44946b4fcd,1
tbB73mkFaTei3UfjhCUtKZR9acCO-nvYseh-MyLrg_k,0
pIluEMPFUOzq7zb6X5ymstbLiK_L_g6qituOSThwMBk,1
zQg0Dkf6Er7BW8jt7dkg9ubrcKk9KJCio8sdcNjR-bU,1
fyeUBXY1LkGLmATOVFON-RSi4GaWS0ZgF2JzsPj0oI0,1
hqPmJvannFONyecvOmNnHucb8TnLbwx-jJHT7uMgDAY,0
empire_84e964b457 3,1
kO2FNdHu3OX-Qnjn5nopXOb-Qtkut5mNqOwiWS5T94U,0
naaKXbIFhEy-UuyXCEv5M1iJ7UB7INK3J65R_BCZJIo,0
3_7a3d51f503,1
gqdZGAzPQv_MPYv-dWn6ofvQ3vnO7hIu-TXDvUmQoa0,0
oJesf3f12piGmezuxntZR6WIUTGLKhslLvIBYFY93hg,1
LxVibJ_PMexkhlfz7R9rpCwbIQ5GOr7tsS9fX_E7RPc,1
SctPrWqRtT3nnuGPz8TX6LJaa-K9RjzXiF7_6L0QqIU,1
LHUacMKinQ17wrrD-P-KHpznUziaDYKK9W8sZB5IYaw,1
taR7eRdKb64RtoplaimZB89SkFFaGHRQQK9YuA3QMTI,1
rNdwIGf3KYzQx2xuwoq_o7hEKqvR1TSAwhy6KWlowHY,1
1_a37639b56d 2,1
fwU1MhO628FvKDIJo8g6Q8IvHfWT0zY1wBWFEk-lW2I,1
occitane_fd2eaf3fe0 2,1
x2xj4LegOGbxngia_uCgQQ6fiu_aN0H9m2354eg12uU,1
P1P9U2kEjEPTCLQNXTKIRLrFLyoB1dL58RUqc6ExYtY,0
te1KvAe_BFZ4pIDG0_u3mevrFm5aOaUpYRsxp_137rM,1
94Ccxdn55XzQTxQRj4j0oDoKFJ5I4eQZ1q_MZPQyUh8,1
mN8j_f_BxtDSmW0EqDViUSYfUcV_holghhBjR7z8fX0,0
photo_1291@12-04-2024_23-28-54,0
h9LTPgPi1i9rXXlxiVF1bVlV0UGjcpqV5TlAFTojGqA,1
4musDVMgGjs_HgwLX7MlY3XUo9eL9AaPTjSNXqzqw-8,0
bapVLqtbc2Z5ZUTM_NwyV3HYwaMonYorXI8TYZVfFk4,0
mBdVjjwvwcTZFW2RkvuzevuXIwDy9tV3dxbB1NhUhdI,0
0KZpH5oC5aiVW0VqmwUaU3vzKYYLce0G9JnwGMEQjy4,0
MRoRdwVomUhMz28PY0jwpZCzD650fLiLd9vFRffZ0PQ,1
W_8Lqh9eDoEfEBG4orsA75TtJ7o61NtpnmmqGih8F44,1
chrisme_f859d97f12,1
Cd0hMkTHhS0CN24xdB76evKDnh9odkH7RR4if8rtpeI,1
iy-1-EyIDknO_DadIAEONDqxsw2Mxo0UN5nX9pBN0eQ,0
TiiH_ZhLI508Tw-XVrBtkBN7dpK9cB9PU_47p-J9EnM,1
Uxng6eQXPvEyxp1ivAvmnTI44j8MZPpXLKcLpFFy4Uc,1
UWg65WdWS5eGNyp48V81g3ZtvatXs50l1IfBEfUbOYo,1
0sYjp4rZKTuXRUCfVw-3ZnO3LhAdBohJOaSqNJlMaAc,1
7EL8mJpSLVQtry77mrxatNvYYh9roY--ni5G-JLcRKo,1
3_1d19efbe83,0
fF6Uwh1VbdAAH81002feRPbmkr1xzSefdUs9f9fzhZQ,1
cOcrjO2Q04nV3a5SM7PFbiY2oJ9FO0c39kvu8ifHGew,0
oeil_f9ece62708 2,1
4gDxaEv9eoeDHkFvV7ZpDNr5Nns5egpTc17sLUqZIn0,1
DcSkNLvrDemlcWThzs9MGS_zcizdeWRKAxKYug4CyUY,0
zxBDEQ9dsi7Ody7VMeMhkM3oFiG-0JRtdVHY3vhbKNQ,1
O8K-My15ofmgZ6acupdSNJo_nXC4VFTEvFXJkya-Pvg,1
9G7VqU7SOq5gxufqijVedvmB32iQ1QoDDpiddmFCAiw,0
-GwlqliECwIBSaqlMxd7FicyLb3xxGppoY1-nbkco7E,1
LTuIPljrlgQ-WempXpkItz9NU9i3soZhWq5RIKbZuC0,0
hSdkOgwi7ZjJody_BrXxJ8r-8RPpU9nt_4pDYb5VFCo,0
olaf_bf1e188ac7,1
martel_2c6afad2ed 3,1
pattee_bd2018cadc 2,1
FZEFFS2MAgKf6o1rxU3zWYnGQo3DupQO1MrSmgZ4Foc,0
spqr_af566ab799,1
m4UJoxloy_tPlXxzS4GyuGZSEHePXRsUKds_u_VT55M,0
fnU45aTy2WLm83LcscZYDMOEMY5XIGk4yZGjZe75U9g,1
ZTEQOK5SOu0zkMML660-NpU_jOSpccuTdnIkBXFLTmE,1
7_6ea15b2447,0
50By3PsaX2AiRDoNaPd0Lj6qDQQIwVJPVGsmCzH3v_k,1
Wd5BFLN81Tc9bSRw25SxPWHgZjZLJxQz8uC3XbghotA,1
EsfxZVyWxuuOZt46Vnt7Bi0xcdWOvLDVzjfmhrhBUSY,0
YB44LphqBfznSLVerzmMjgNOnNYOdrOjk3iJOJ0yTM4,1
bfO3urDSh55WqT5HNAqoULwQOg2_5-pgCaS7QlJDWq4,1
jnr_d8b0719f7a 2,1
x5h_5-eFjA0TCLkDRMd7XrV4aTWe_JdtAFRWK1F5-KQ,1
BFfybg5DFBT4sz1ZIYojqwRO_UFdtf9ZdSVFaU2CgYM,0
G6VeP7G1c3q8eE8Z-PB6vz6m8G4chg4iHqpkbIhGtCw,1
oLcwIZnldFB9E4WT5ThD3uYzJKyFqEoKCH9PPTmEzzg,0
photo_1302@13-04-2024_14-11-00,0
f1O7Hp0lCGkubRQeQ_KPyVlJ5XlJB6zuXD-OsnYhM6E,1
xYfFWXiiHGepQV3msOOFxX42iIi9hprvPWn8BLYi4WY,1
phrase_d072e1e78b 2,1
Vazs8z1sIro6W5cCihVLI2Zy9sXfwobImIhdBlnlqZk,1
OEYUWLqZ-GLGi7FjYGf0C939WKp4z9b2VQchu7JIsOg,0
fred_cbf1efc6a3 2,1
H5WHj8SeYuOxQOzpFcdwQRI7rONSVbl-dtCDdh4zJWE,0
1kX95QDSb6PWH-Y8KksZFzcCY9p-XhomiYr7NVq-S9Q,0
NOtMNTzlORkZrILRkbLzDnDZg1DpvlbCq2iGnfy-k3c,1
_B2a-8VGcbA5BtYHg2s0RMWNP_wdhMULRlWCrktTTXg,0
VH0gaibsHoqqzIZqc1oh9_T3mpJKWFZYChQPufozUH4,0
DOcdt2q0oT-KM37FPBBynh7yeQPBMz75tfkN-nDrOUQ,0
vegvisir_4dd806ead9 4,1
iLQaP6Ge__kxsLrcI3KuLWCODwImcG12-BS6U4h-tj4,0
4_bcb20ecb43 2,0
4hATO7Qb7efeFzdxDiN3pjw6PePy0ZtzZ9AWgQcbCu8,1
RwChvnKUaOVf7-aWeq9zGauUlTfC5fJrtRitLM8Vu5Q,1
rCUci3YkhUqrgl4fOd0rtvtAdROATpk6Q552qnNG98E,1
yMlVSYmd4aXpiQ9Fm-ox2w0Pypi7w3D9y_cV23O1Nd4,0
kp0S0NOIJpGxY7Mzpbqm2tJR6k_zDi-Kez2i37UKsvM,1
0wythNZ3pQCZu5EUF7-Dlvp0hdu22ch4b81Tndcoyr0,1
r5lmINFsUkWbwhK_WhRFZiLghfzeIuzROBbW9pVrM9Y,1
1_12f5190330,1
nU-W95zWMiAZ__eqvzbFX4ZX8cr3cM2pSl0Pv1EjkIU,0
kGvaRaDE-CQ71HuAHi2n1K2Z5YpTHi_DTH3bY3iOuCw,0
_sOj6nbcOIjAFgp8GyIgdwYxRrMmw-h_IYT5nPS9PkY,0
2-cmTl5hiDLHz9cBe41JM8LHwn4hqb0W9DvSo1TwVUw,0
7l2uIB3gRdE0JUwZd_jmx9RsQQDUOs49D1drhgKyYXw,0
n1FoE6byEsLLelKmu7y5rOatKlWGaGnQAIbb3OB9gFI,1
-y0I9pzNBiGAvmLdqFlkIQTDoYnPmio-V9ld2Nj-ZrU,0
1_318274b39e,1
4f_yBFFZB--RUc4UWZqR-2Vbe9kMrqWvmWwiNlxi1ak,0
GZtoRPeN5myR-4qmJwrk_6rcz95pHJXylSW1OcOLMoQ,1
viJ6UZTJFRqo4hTJdLuQlFB9S_SfVpC_WGD984hRYME,1
5_f4323ef935,1
1_29ace24913,1
v-FeHGh_4GItTeMEWY3NPQvHTwvPUj_XGhX6Cc2NOnU,0
Ou3xvYgYB1BBMIV59iuefMa8JI6i0vvsqtFjIz16Id0,1
nvCdLDm-8b8PhPcS0aLGx_l0P8nI_5AzAowzzd29zZo,0
b9NiQ7lIJCe12JUM_cSh1HbQCgnrU6ynziXvlm_-ohU,0
1_772f925488,1
I4GsI8FESDe-DOvSIiKCnV6cpiVm9tD92gynz_CdUME,0
5HJpZo3bge0AyMfOrtRU-9GdJlIJAoei4Pj3xSstitM,0
coeur_18832017f8 3,1
8cmVodET-3_2ufudqdzI7kxLBwYKNAEdtgsL6eP4DCo,1
WYK7DZDu3NIolPg9uHs3W30g5bkVaSBVb_Vp30_zrpM,1
Cefx4bDQLdZJDXzKFnkZtZ03jXHuo21gvkl_O2RX6_k,1
59AhX4Wuc1oO0Ysx9Y2DXa4tirv1zqIi64ubvbhg20M,0
3zI2TJJMZqkjnlw0hZrLtdlq0PUBbKxwiDQ5JbkurDA,1
CBXXkOHS6OH69TuX2_8djaYbM7JwxIWOZILMN1dRoJE,0
yeuFrEMLHgrE4JcE-iV7rQHedxM60XPOCI6mao4iJ8g,1
svN5TS6MA5hI1Re3sqtbLVtBicXrcU-qBFnIT7IkpkE,1
eQX5_qIn0Wxt-Fvx9oRips548Mh85BYnCJrRU8MMBVE,1
LIkQPW_BC0qiBSMjsuZPlPlB1gU4yX081pLd7S0Rkgg,0
1_6d389fa3a2,0
3_bef0921442,1
DplKrxJ9nMnJlJ6QU9Dfz9aGwKTgYtCzlzgQuE4rixs,0
mm-CTSl3hNb8rq64KTxFY7pNLvL2XU7QyXNfhXu3Kgg,1
4cBwtZT8PcK7korcBNOBErfKzfpoAtrtoWKAOtE1ywo,0
signal_2024_04_12_123201_002_7843a6bd73,1
2_8e8467850b 2,0
Fichier_165_6x_bbe52da832,1
1_12faca95cb 2,1
2o05cdVAY68GzxOq7f_MxbEQgbb7FEpaEcJTsBaJkvw,1
xsh9Qhx9gYIETujUBLK8ceOPwNivMKScNHBdawbPLuA,1
spartiate_17c71630f8,1
NHwwaaCtMTHNFzrQJAq3sctLUHUXbJx9B8HCVK8zgiU,1
foulard_d70a73459a,1
rBtC51P4jcHETJwmOERpf8QVHC9zRo0sg-gyfOvIjZo,0
hz527Sj0f0p1LRgPL98ClAmqnfXb9N7vTL9DM-TP8Kg,1
qV7fQZWu5jIyvVOGbgHCVGLu1EZ7lKwuO9B8apdPL4A,1
cfDmyNA1v4SRILD9bxKCrpzZZtTkq0TnbQndqFwGLs4,0
divine9879_stock_photo_black_women_working_with_AI_tools_--ch_6fc10fbe-335a-4b2d-af73-34d6453c0d1e_3,0
xnmcEQ1LKgFfmK7KCsdnYt6ar55lKOZSEESMOulEPVg,1
lF_axvj6zHGIlfRoQdXJxjNiV9GFav2TaduLy2xgmsw,1
Vb4uH3_PrpJ226q6AleqU6H3IS-fus8BtkCkvJCO6vE,0
mH5wnTWO2e0OT5LTsL-3tRo9apgD1e_6xWa-0sVrPiQ,0
oHGDtZEb67HA_E3rFSdLDrsaxpmIpUw-womcncULMqk,1
l0IVNq2DBT1bNLLcrJLbaTTqJP-zqzWZ4hE2fkodZP0,0
hvZb5bQmelJbT9cIAAuYKAUCIcSojqU6IP9lPr0qAkw,1
sUGHEvyA5CnN61b_3Kqhjy82P9cWzpRwdnOoHLIs5S0,1
id_gKywzn_rw11CeCZzjTA8M5PgOYwBuB-9_YxytKxs,0
764RNg9KvJKeQaFVcMee-aQ3WZFd3cTToq60xM7n8Vc,1
htbmF3vwqztDJOplcn5bWZaBsAW-XplWkJOYY2y7ouY,1
DrnSIONw_AyWvgKxLwJnZRehJoaREVDwiTd1vu0f4vQ,1
ok_ae3273cf96,1
eHMcnT9CYTkupuMUQGbnwGJOwUwG4kuhZBFDtLKiJ-k,0
tOvcD3Ar-wMhpcM0l43kiVXnT-KuZ9cWSX6bFvhkx8o,1
fckafa_7dd951ad70 2,1
Fichier_155_6x_388bad05d9 3,1
aYa2C_40YcXRCtxhHV2eX0qTHEv0ck6xO5FMf7n89v0,1
wkV6-ii6yFz0TXUSCZyDP1p4NfjmyM4YxRTzJMwvYSA,0
1_0eeadf2be2,0
qerNQTRt3toU3g7tfishUtRqSEJU5VKISKUiEUW6BZ0,1
VYofMXQXsML_F-J_RyRX-B3-KDZhvFJHQzyK2Bww9I8,1
y1NdbfgvXd8i5580hFHbiAGs7NaflyACOGGp5QGPB6I,1
Fichier_164_6x_dc2888d59d 2,1
PUHgbdtO1mVaLLNUkke3eGMIqD4I_-sscqF4oLK7ZhQ,1
PYk6ap6ikepPfGQSzH8GqXUzrkmQ5Dxl92AMGcXI5tQ,1
jhWFs7yYx3rKiteYI85e9vfBRwYirjMZ0wiBwu4-0rs,0
bourgogne_d9088e47a1 2,1
HJseW7O9S7bKbqeZG3QzYmoTkROo65SfYhMqcgag4Mk,0
15_a4fb45f289,0
zgt0yO0sgxPVWaQT0jymER9duFKkY-We8rnhjpVz3tw,1
cQWah63U00ClWaCwTHeSN7LZ5UPJ29QJ4lW8WndhOFU,1
13_c426e2dc81,0
U_64-syq2DFe9WfsUBivBYhF1FOF18r5kfBYoV_wDhY,0
f_Gmc1IllQnBLpCHRtzPtjD-4HA28KdyucKq6jb16TA,1
lvn1Ar9EDyKKkACyHQF1Jww4z3zOI5ZF9ryQUxW0kxE,1
PurLzJdUXx7jTIkGgvbj29bqz5cUTueYwu5g_K4fGuc,1
f9taWVGW-z0Gc1D3nNJSygl5CmAvD3CsgSKTfaaoj2w,0
fn4_Ya9aH4WiEDXeDbuwyA4WbeYMrW65jWeE7BaVN88,0
2_8fc51620d0,0
steinar_b6c88fd592,1
7-UUNIEmQpBFCH2AFiVbwiTUfwZ2Qx_0kQY3ehhRrU8,1
1_5556d26510,0
gzWPgvIxGqGVwH7KbzqpV-TGOOUWQVAD9unHe0rRjMo,0
pRkK56gKfP7k3Hn5QvPR_W_efUMy854u2z2lAJG7Nzg,1
YE22dIK8U9Rd71ON--vojCccQzOxDEdygvLJqc6hWjM,0
Zc5FPYXLUIRdmIemeK1406t202YQ9OIR0G2wytFJDzw,0
QX7MNSI90n4DpyRgLrbDmunb4ReJRO1bTOEnvDetufA,1
sfcesdxc_04e9a62bda,1
E_BvSzX95mjKbZdp6bfB12QHC5hNErq6BTZUDd5GOng,1
PG1GWyeLu1IdYnwyJ_yZk2yK2-gJvzANqaPdn2JWUF0,1
Hs-_65oEqRRLR35xQTsD7_r-t_O1rSejidT1jEl9LrQ,0
hy4Qz4ImrwtW-WF_WaiziJ_kQKXyY_rNAoBr9_Rfd4k,0
salutnazi_2e338415a7,1
y285zz9oVr-n6A2sE4ewN3MYIx4Dy_l3SwykH85zFwQ,1
Hmkjrf0jwlNKrJ-HEUBgQA9iGtPA8XLCf7RtWUdwY90,1
1_891cfe4973,1
-fLzdkXRulgyunmqdPhMHaLRfdsNpZjbllic8RL7EHM,0
QQMqsRBIL83mIDL1mCp49k94VAidKWFDeg-OuZERvms,1
thin_0fdbe60640,1
tfvEZQPS3vj-W6f9hfvqLg28td_MaDwsmGYvbOAfVoc,1
l9kU5fSh6Qzjj2lE17yMKUh0I9uNCf25odbnMzvNxrI,1
zgu9B7G4xTmmDqc1ZR3nzhi2kAzdho8VWw6m7PnK2w4,0
zouaves_daf344e29c,1
xjougppVnciwYzwx3F4KN_dUO9yS-V0-Tgryf-YyZSE,1
3rDy7dGO5-lJpfe4fZzLQJfeNT6LHUKZ7Ph3M_QaXv4,0
cWirG7ZRz0Fh4aJ4M7KsJnLgGxsCUiESNHXqN5APcIg,0
8fwz4wwdRqvX9Yx_A6nhV2vzbfwicDlttqT-NLmwMH4,0
mEBEusYarRNaYrV--jgAkYQkdfIo7n52rWU7jdRV__E,1
etVaq8VXo6JhlWykH2pF25b3wWmSrJdO7IIgBSszDz4,1
RGX1Mto-aZX9HED9R-pkvxYROafosSbUXnEJr3vHZAg,0
djsX95LLUhJKKXPX6lC4iiHGtDOrtAMLJRNAr_xqPeA,0
V3l--CtqFfkifYSRiNay152w-DoTyFVdvRLi-lmOWDM,1
QcZO0PCuEBKvkeUIR018jdSSPD6a87bHqBmJIoVVmEk,0
1_528a1c2209,1
gHzsZdepk1Oq0YgstqxmBWMZvSfVptvtbgxbMLG3lVw,0
LZ4LeNDPPq6oZFHyUcfhmuhhnA7qOpd3-Y6O2GpPDyk,1
PyUF2SFLbyHF8J0jseDz8Fzmsq_n7Sa0slXwPsSJm3M,0
3bER99F6rHJBkjdqc75amUGGVUZ3yBATzdxvQZG8Uf0,0
8kNaaVidmahE6tW0DM7mc8x1dUp4hrO8SKm41LTfeso,1
L5L5eiD7X0UNL_rLCk5f3UPI1Rou6QhP941mV0EHWlQ,0
2esG_tqlT5DYdOFlF0iQGUiOYHY6o5bEpCrHKx1qSa4,1
celtique_3815d51919,1
Fichier_154_6x_ea11fab154 4,1
88_6dfa2bb5a8,1
pveXb8NBplYLiknP_SS-9LK3Wt_GJZfLK1okcpbpZmI,1
sonnenrad_f259dd221b 4,1
vzcl79FJsJXQLWbAHhJ4do1VzXDqoGTIKPHozW53Hq8,0
-VGis0G_nlUsEkiRPVa6Pi4kyhvh4NX6ARyqi0aiIBI,1
coq_8188a02250 3,1
oTH5uxYg0_tfsLOEqYozvnGZm45QBQuPIAZZOKOypZk,1
FGGyRJ5lfrq9dGD63jIhN_IqR6ySHVCFT-VNYoYxROM,1
divine9879_stock_photo_black_women_working_with_AI_tools_--ch_6fc10fbe-335a-4b2d-af73-34d6453c0d1e_1,0
HNU5ylpA4W2zFllM9yqFLwIpUpE3IzudWzrAW3oO0nY,0
Nb-YYJgrjSUkF1HF61z8tGLYXj8wkeNlmhRPqwbo-48,1
wxpKOwjK6-e1YtS848JKI-hOfv5VXagId7af7tMFweg,1
7ya9TS5zfNFYdkVKj7EXrYYzNb7z1bwkjBXJQi1tg2U,0
3gmtO1tYYlQR11YgyFvOZEZFrjySs6siAJTnLe_FVjE,1
gSoOFdll1AQ0rwco9AXj3xupc5xDHYb6mGBUPACusSg,1
Ih5jXY_4_2KJgE0puw5jUldo7Ko7KjNefp6rftTmJr4,0
0K4bN5E9uji57x57kLUwWABLhCTaMcl2bPK0uCB-aGU,0
NB_qxI56_QEi_QqoQt4LtQp9lw_4v58dsqgRATsuYEw,0
e4Q0SVphsIwUh_zS5GmM3vgOHrdi-tdXA-S1nxS8RaA,0
1_2e01611767,1
vCv84-mTGkRM9FdEpZverm4yiTpUMXuL1C2O1rXvZK8,0
1_81f8c48f01,0
oZdtnQ94UJG1iKyNTuMdJfoBnyk3uYep-3LGw0YD9MA,1
rnIA91H6-QH7GQSO00DrCX241rmzuHIpVukuof_HRHo,1
FoWD4UicL7OvkhXuUSRo1DHcQcw1_Z1McvHAwEKw4AY,0
confederes_abb69024df,1
iNETfiZ-ofZKSfl8IQLNZ86yrh59lRtku18msuxRcUY,1
VTNUUK-DKq78RGn8eJEaHpC5s-ajx23eFJ9Hg_7LB9s,1
u9qTGkVnGbo9SfVo-55JdRLvjSKtcVkMdrL4J13-YfQ,1
Fc3Xcy3B12Yjqxs3LqIyMqrUMOChYn_tb5JZna0QPfo,1
tUhogW5P3KzNmNzYs5BZihRHtaPC6J34Ct6MzICBOFQ,1
X2xhioZKFc2DYDmT1uKn7MAEn-MXnxJYOmIix4rswU8,1
G0VoGaQUqIkvRK55aBZl5Zto-1tuxL33hSbcH-XYzck,0
QVVD7U9B2XxPDNx6JVbh7MRd1O8FRbxEluLPKP_RF0M,1
kwXOXTHH3IvDynGK4yn-7zol0km48aUHMcJjW0lQ_p8,1
xf13c3gYNILCQ00EhyX8VbnOKpZmrngK8Mmm5NzqOS4,0
tete_a0b796e34e,1
4_e047b2cee7,0
s8dmbMeVmRIIS4H-3vB4B0QD_JCWOCIHQr6ZEq_t4Ys,1
pepe_c7f50a266f 2,1
HBxIVsBhGlQqYlhdoSRGpUhAUtOfidzL5IS5EMzjj9E,0
bYIwj2dFRHu6E3flVu9--F2MfMOw7faYi6C65WL5hrE,1
fl3VNRh3sSIRsBFaHhAtESbZPE3l4VMGEaTmYXdTAqw,0
L4vX5zT-tCihIGLhDG8jVIGcavYEg15UWFsyqquEEgU,1
kRS-Ne69quWj_S4NRqkKZVfi3i-G9n4hpKtB3tloEtY,0
-PnGR3pj-9g6EsYULParftFCB0HrQN7Uw-DPzM4uEDk,0
y-f2LyH0mGBkui4WGVjcqSWJOnLAHtS2y92P_gLD-vw,1
EyI_X-DBA5XK8ot0puUIkLgNplWfVLrrIA-pgZPK0-I,1
icDoC9yu6RZBTPjSAIdbQRkQm1wf-zOeCBf4wz7ktsI,0
londsale_2857984a16 3,1
1_fc7981ada5 2,1
wME2YVoreuWT2qywufJ0UOO1dEoCcED7GSIhk7P05pI,0
4w9zLsgDR9qHv57AnW7_K1W2O8lgttckevMKzbm3pTk,1
V81BLJnDSj5JhxorJ8ODe5Ds3SbYXCzHOMLJPnu-wU4,1
1-NewYearEve-IMG_3121 2,0
zETXJarRYmrR5tO2LuyHq0AGxegRkkQ6fRwzlQSvqsA,0
cFfKLWdUrqmX5UzFKWvd8CKBb4zICLa0fAQahsSaUhQ,1
FObLIQO4wBxXV4Ch_J4ADZTKdEtYk7b91UC1kLRXKFE,0
34HdDJWsvjGSH-HDpE5fir6E2oiTWPWHVSIK2Z2_EY8,0
8q6K-ZgA__fmmWYLpfJdKnYANqCnf1usHmbxbaitS7M,0
Wb0jW7deZTQg7YJKGChAzsn5ML22F90RuulSAGJN5Oc,0
5XOCLdaMoWUEsR2kT6EG_txDZKcfeg9t8IwDufu4Yvk,1
tuWNxUHykQ9-bz4xeie8JjaUvPxE0pnCNvanKTQUpHw,1
1bar2LoehVMHnzccGFGABL2m0_Jq78NTaTAv5DeLpik,1
i_h-qABAvPx3MEe9FKnB07zc_nW9IURz6n45gHk1G1I,1
kalos_9365fe7eb5 4,1
RSkFpzUecR40t4Op3wOxxe1ED__ZWXQLC_5k7YBjc_k,0
j7Jn8wrd1ThpVcxYerHwUX6jm4isjzBMfMrOTLes7js,0
YOLH3NiXZts1WMI_x3YVdb70GG-hALYDE_TQ0OgLAdQ,1
2BjPYmfxEzsxMtV0W7hSAsi-m6Tr60Sx5nJwoz7eeSs,0
-tyuuDXSf06D_GZ10nMpoUsYnLv6VBk8md9cGefa_Pg,0
RTNnKo1cTOHhhLsYNP3EMPR9e0fNJzvi5hfFbMN-_pE,1
5fRHz1077Iov70fYUHBywyPdpQ1uXZVafjbNujFTjSA,1
U3Zw38zPPH_vu8A9k-5kVV7W09D6-_uO44pxCBAdxAI,1
wIAVgSrtsbnIF72pGZfcYhapkn7UvYDVUakxhMAmbBA,1
g4NPraDQYkw609BvoeocGDqCjrdjYgQ6B5d5OL_6o38,0
OmVr2_wn3_UPzYyLDL8nchrbKA9d_Gd2VZgvv8I8UWY,1
IEh361VJHWF17jC9PtxTLOpGb1PZdcl1vQyP7fPUG1k,0
reinfo_cf12e4723c 2,1
qui_a6a721b2c4 3,1
pApHyPzDfub8ViRj3pIE75Oaq_onV5rUqkKfI4Xc4kE,1
ojwRn6oiM1u2lrFVmGE4CoDAb8AWSbhn9hsL3KgyT6s,0
4KS7DbYsxWn9dEEC6VpwGH7eg-o3w_I7zxycQBdMjBQ,1
1543_0b008fd29e,1
1_5660d4a787,0
oJQ0m6AIGlurnqdgobW_gYnhBh7a3GQn0fYWKJv6AK0,0
ZBDt5Bqm-vU-836IjaiEDFpyR5OnOke-1vZDGR3eoAk,0
C7nOWudXt-0td77fJYwRUzDzsonG2Q4thHC6z76kCGI,1
9_8bc4134b1b,0
TTw_d0_orpkSthFmI7jEdrp6a4D1aUXq9MIyIt2PZbk,1
ONnP4IuU89nLU3Opvu1_A0QvpyN8xkWHi_S_02Nh5A0,0
i8uimXV6YYjuuZgkD4hOpXm_xFBk_sftGqZotz8tFvQ,0
jerusalem_092c747626 2,1
algiz_17bc6e42ad 2,1
U9ep6ywhKG839kBMMVH56V4AHySzodhiuUPX7eKzcaA,1
OliXQEXeOca9OYxnm_8K-OJMlLEhIquDNKuxOcVqsfY,1
T7Bi8u1APFEduyx8j6XwJxPobTF4iRK2bLS3jVLxE1U,0
4_b71d992362,0
GSschguboAAePCL,1
e95ym-jqc4vqV5b2RzvfewUh7Trt3KGWxdOWJplYkx0,1
P0PcqqhLXqXOo8oUlRmaSJ5zXkFJbmKAk_GRI-ZD4eM,0
_09cifkcW_AwG72GQODrYoRz8VlIalP-ab6Yeq-dG_A,0
1_e90a2ef476,1
xB1aJqsX5QCUMgtjz-pvI3aAZo5btEAoLFAT6Cf-Oas,0
iK4lCjMKIYG3wPS5_6ONVnA8xo-HSynn3BGse3HbeUM,1
97JMyzMycyMH7QlMC-vOG14c-b09snuTYRxlL_eQl9o,1
1_6b188cccc9,0
photo_35@19-10-2021_10-11-33,1
u4xlBXAorv6vPRRT87Ex18__d5nrKAp8NHPk_QxLzcg,1
rcwEC5iCJK2zLnDzM6B0HiVIR3v3jtjlgxSkqWmNw-s,1
gorlgN940kcuRR_XyB3LMUgUjm7X63sfFbbD_je17ZQ,1
qwdhgDzdRnbEVv_2rkpoO90zDF5P7p5NZrvdiNV0KM8,0
QEhiE7Xo1ER-fA4LPyt4JbO1Siocrh5SIfDCUQyyI6M,0
-UNfLNjq4HdwhawtPNsvVsOq0BLZzbN6G8dKXG3wq2Q,0
BYC-mbB5oqu_P4mV6LaDJzDbAMWumYMZaeM40XHZ0Pk,1
4QvprhKpUVeMvVZpEXGzHF-1f7fHR09Tfgk14ptJfOM,0
O2U8Mxs0X30phd8BnQoLkwaEpA8NhDtG8E6F2PSn7ZE,0
DL2FoVfb1BG-b9LA99hyU56nFR27YCg_vbq69LaloA0,1
1_4c9a5766ac,0
LRtkEidDQxxNHOMCn40am5wKt3pb0EtLrBu9sZda520,0
su4vfwAvrnxjpSjcgBFmeBeY6Q0jzpdDRKN8aXld9Go,1
AxGWRqe1sTETeZX6kMlxbvMEsq9g0CGD4aLD3cUyV0A,1
g8wPRhRnSSinXLlEMF-NA31eHZ-a7o2AwlFYRRVaV9k,1
RTsZ0jzE7gnK4AzxBnhGjCS5RHO9YuUi-c4OE5CsrQg,1
nkLUvl6gLed2HsKUjT5OHvFIRr-LV4-cx9gaGaGFbBw,1
hT3mKibuAMPMsyPq7ZdHjHKo6aSiIciSOEj33udoMwA,1
SiG_SnuwIuG4qhpkAFe6AleUcXOuOOHA3r3y57gzPH4,1
valknot_813fd64b39 4,1
1_8dad0ff389 2,1
aO0poHg2QvuniTiTCbHGoIWul0bYwDcyEvq2VkyIQOo,0
neonaz_48177f02ba 2,1
iVWPLAkf3s-s1YHcfOqtyNnCLOsn6s-GdJE0gCjzmfg,0
pkThklsNRBdOIflAls416LY5UEAXrMXCWbBAQ6big1Y,0
YZYVR5MxnbaVVLEVa7dF09mN5j3uoa-WFbrTdQZZcXU,1
C1fkeCK32NTf3M1CGLvpYLcouiLNuPty_-X3D_5tBhI,1
31-Tk2FRC8NK-2y-hWmu_uf9F4cK231bUgwHIGxQyFo,1
w_bEWUGJugV2BoiQqv0XH3Goii065USeYnHifkq27k4,1
oxCK1AwM5EE47JzZSa56KOhj-p062I-EYvwa44XhxNg,0
6xhejEjNzp3YcPG3_j847cDces4DXSsakwXb_o8lMDY,1
jQgk13pNP3zEXLLzK7R5SPeQSsWt9OFouWKJ94AyQ1A,1
keGU--biHBRRz1PDkk9-nNBmR4viz92mTNfqiEc5KME,0
2oV-c1fB36gyFIyscMN97nIyWZUYpt407xW88ggACls,0
ss_508d087c5f,1
Leonardo_Phoenix_a_breathtaking_highly_detailed_ultrahighresol_0,1
7_1659cb8abb,1
OT4ij8bbJA-8Jl3xLEMPmSG8xJ-qiW2S1B7nGi0WnwU,1
KFi6MlFGwmRrBOelynJ14zu2l7e0mpU_2OEocTa7gS0,0
H67GIC4S3-CJMHsBDMa0V_X91kwCoqQqa0yxejLi-_0,1
kOHDMLc25rHrhf9OgzNA0taVY8b4rsZBdCrnGWcgcQk,0
autres_ba0ca55b17 2,1
y1WRhOGbW3KDp6ikzAkwQe19Xt03FOwLlJVDCqsExf8,1
-PzQLxjhmslZ8L3fvC4QvNlcFVnJvhdUSkLLJMNdrEE,0
fKdYegFl77SAldw0uBIR8SIl_6_UoyqTW_yVLIp0Tlw,1
4_6a6773e78b,1
tqWzGGwMq6sQ_8YlqhUwSXQNk4Tv3DX2C4p3TFYUacA,1
wLtrh4dayITA0pK_X0S5S7swNFWFfOCYEAUSZXmLeRg,1
QRgK_kGuqWnGq3Q-v8ZCuvwbWbykNPMGDTTIny6YaDY,1
engrenage_0935ef1faf 4,1
YIwLYwV8DBk1eM7y1PA0gsjHV7wuGlMrLatkNmEqK2c,1
toDnXwh1rQmTO4pCLQZ3vZVpL-Mjh0nXSB5m9Onj_bg,0
1_37d8c1fde2,0
C8XKkXNpJHmzWUYYiRR6afLwYfx9QKkre2E5h9fSdWQ,1
runes_3c10cfc1cb,1
tsG-xznGpzN5DMLe5Jz_XuRv7v5nTFRbTCmagjgEonM,1
KKwoknzz17JIMFV9eKdOC0Jvperru2BQOjdPEpFWiNs,1
Nuh1ZbjFphlQaix-WLeH0ZF-p3McqzsQAkdD8oOXUdo,0
fk3Wf9ortlwkeTgvl1znL6FvFGaYqHqLikC5sW502PI,1
pcxJnVI2I8lphF3voW_k1fL53gEoLoEw0Q2Hj7CRM0Y,0
WCe0y0CLdPkWZxfvfehGqPCOtjUYb2M9BT-EqgdxwMA,0
aH4m2OnOALNiHVve3gLMLO8MiYavz6IoPghYhQT4R-I,1
W6ttMjL94V23XyUd5qSy6mRsDnCEm8x0eeUhbXtBBAc,1
BtnM4E0YEVF_53O6Abdps9D5edJYvcTs845me5s5D80,1
Uu_K8JFlgmnQIAmMyQBCDanxHt9dqhYAWoehzt3e-4I,1
GF2yUYi4QqSzIhUFWovZ0NIiiKTVuqkG_7WbEpmKHMs,0
XgxHvrv6iTzBZYQXgAnMt8owB57tKaAHgfE4BU4ILcE,0
28pWMd17MBO0yBBcbmBgbcDlJ8sL2QE9qmlm0Z9radI,0
_PGnCDqtKBoOZAwGyw1EEZP-v2RZ69zmK7h5zKSSWwU,0
UJuDuqQCNlAbUNT3uxR5aQTKMUYdbBXN0HHOuoRP9ms,1
CWyWo7Jo9s0YQvsa9l9eZWz0SnQSeI_y66VwvJ-8tog,0
7WYs1mTGX4SZEKnfXK9ovYyhAtI00H0XujRVb79t944,0
GwWXn4HLu29Bw0eAhWo_ATOQSsb-loPrEhbqrRduA-A,1
h_3000_drumont_edouard_la_libre_parole_n29_du_samedi_9_septembre_1899_le_traitre_condamne_1899_edition_originale_3_75884_5ad89d6e63 2,1
-gDcxy0miB3qI5cie_BMI_hnSNUILSBaeUpzDOuw3Oo,0
J9Uuhb1sXSHRgjErjkYJgQgyTa56NobQad_INB82HKE,1
echo_cd3a70b110 4,1
mIYLVa7V3zJQUCCVzhHJ3fQbxCvbtsJVCDuxf1iBhaU,1
sfecds_d8e7e42975,0
ABIB4mkrTtydeD0ZFr-vFM2sEruN9uG_PdTuB25iwsg,0
ON13MxY38VoYgLkIprGPn5CO5akwtM5GE1hxlzGc0mQ,0
L41VlRMICz0VFPtK3AeI7Y_urumCIP8c5mOEKx1d39o,0
vuY8ruDS8k2-mHhIm536Qv_TWvi0Dd58NvEnd5h5sQA,1
Gaxrq6KaoAAHq10,0
-NGlAzHrABITu4aYthUCaeiqT7q_vYUERZPgMcg30pw,0
7_4abaa4b13f,0
M3JDRogaRU_2wx0_WsbRKXqSko_YfMsQT4yYlip24wI,0
dy40eVCy-DulSCjbSdJP4NkHqI2qivwSByc94KV1vXA,1
zjm48Tmo4qwhBGTH-buJlzUzeIcttI7c1ofoxBgeXAY,1
DjytZqp6FtO9rNJAF_OIAyUyR5gAQvDm989o_G-0j0M,1
uqCw1u544uCmm3l7Bg_7ij-pyOy6DXSz-NKIeqel01k,0
Fichier_209_6x_72387e71d8,1
UDOUwslq_xJiC0neA-2lJKWGHiCWnuMaFH8HSC_rxiw,0
b6AO-OtvGXQ0UCG9uHsbQNfX3GnVBbfTgf8N_-Dd6qU,0
TSeTU2C2m10Gvm0J6X8dJ2MkgfTL-baHaDHuPaMO-Mg,0
kob_0cf5052d7a 2,1
k92YfEmub-VIPrHAc99eoqXAAt877a8Iekc2ekmV7lk,1
QbkFx-AgnVZcS8CfGPZEZM7XExBJ3qhc-aX7LwG-Mpk,0
Kr7vwzv0sxb0C36cNkrLhKZrm1iwdjrWMt2ojcMJ3C8,0
wiCM58w38OA7tuM7EynMoJCVbqP0RlF3KBax4oM3yxA,0
G8sjnECQgWY4jJJI8SITibmivLCxzg4_-sKiQuhxzlQ,0
BjRK4mCZxiFyAZmlaRYkWZG2xFvFoV9d9tzPi8zs4x4,0
OFK5HTbvnnXnXa9_MEBRKFpQ4McsP_DYXRgGVSb3dEM,1
templier_2ef99e9c91,1
k_Nqp647oaT_nqxmPijY4i5Y9_sYQ9a3qEL2etLg954,0
BgYsuqPLpCgy7Y-aMTFki7neqyMqH9LQNpKh8_S2hW8,0
gcHftjAK4RISadnQJl8EuKh3qbE-W9lQdT2HJdFeIDo,1
zFZfwPrwXMI1P0MNKavVChEnnipKqWEtvqnLdhV0x7g,0
1_7d28e18ee4,0
pEXd_FRb_normal,1
8urN-tGzJ9VYpDeggit2MQ77lqF6dkx5EBbYewU05-4,0
RHmUnuLg8WLuVCPv06iY9V4ADSdUblDaevwnFRzcxzM,1
Fichier_148_6x_66a2db4992 2,1
BhNnxK6yepIinDfTLGAZ6Cdcixyk4Gia83W-dp4HXZI,1
PnaFGVRIJfDS5RDBryxR7Wi97bkqK_1JHdaO1ilfCjM,0
jDAA16QX62JLGVZRHiVT1kBpn4O4ilpVKlGQsvwT2tQ,1
G9um7uqNjE1TWnzm6snNy-fW3XtOJnxRefvprhr3CZI,0
B7ONOQvpEtdkMGwq6a7yuOtD61R-eJlw-mBrzyz-EiU,1
WMsWaPfJpTZhvEUTNlU30RhmPbzpF_G5yf63zdVkvpA,0
YTvdFsA4sphC10bdkOaG8fjNfJnNBxR_wrXzA3M8YA0,1
x9OuBzSOb9XpvtebgztJ56ohfX35-7UptKFbnWzOp5o,1
0U_XYpu7j436wxG6elq1hzODGG0AEZA-8VQiXUvr4p8,1
1_9ca3aae9ca,0
05rQD5bW0daD7C7-I0-78cdSN7f-VX8Ia5zrdZ4S5d0,0
photo_2022_11_28_14_38_57_bae70e019a 2,0
1IT_3BC84Zm_T_JoOC-1but8Jhrwl0Y1RPsa2FP64f0,1
Fichier_147_6x_64e35aefe0 3,1
4_f8fdd26081 2,0
RJA88ncoyQznOULFpmML4Lz0o9oESdFUx_8oqZJAqfo,0
4_bf1da36c8d,1
759_0963b40d13,1
BMZTPrKDoSuM9CrVvM3HAfn-mQuy73g9p-6tjbupDKg,0
S-ckASs5gjlAdbGkaMKP6Cs73gpJeH92kZyOYc1ZEpU,0
QhOY5V2Gn8UkZygwo9hbk8L3ehslRlBrEA5dZ-PXstI,0
phineasperso_20e804642b,1
4_1a61076a3b,0
FbRPsE83Z8P9dMbtkn9LPePuoIwhd3ip_R_Lq_5NePA,1
renouveaufr_a99976041c,1
aKLRzhiVjq-_Htdgjjjo4izQKfcJYWTkyIChpvKTgSA,1
1_6b553383b2,0
g13BecwP-jw4F3O1t82DLr54MWHBVnxzuJer7neIiLE,1
f1bd6ptHuNb58FdJR_2-8WPgO9u2U3lkc2fWeehhnyY,1
RkOIbj6fnEIp-1CZGmJaH2FtkvMUfJzpSoMoRX2k8Fo,0
Grg6BQOy5pxqFXnvepph5AnSk1jP0VBrYWs8fwejtpY,1
IHzsPR0qEb38AVcT__cbd3UKCnJe2F-FE4SU5bx0pyQ,0
CKjebFHY7QYshJcMciNRcqqkINajzmA2fIfuRbgYQHc,0
tjcYhLrHh45If3CG_CZ1vfJquw5ect2gyrw6sIvbo2k,1
Cd1rPbXEvTXlG_HOB8llCsDXMawD_vT6A4gq3VrVCHY,0
Tws1wc46a9YSGSaY2ApwjvX2MdvPcndFixq9C7bG0CM,0
-vWF4W1oq5LtFookbHXYew-nNhyRT3EqkFfS16nIIC4,0
k4ACfFkI9R1FPhEXy7OtX7S---C7MfEqZkli3memmng,1
_1Sy1naVx45pB6x4tVr7uAdacpaH62CrA6w9mCaOlAs,1
1_29446da21d,0
Fichier_160_6x_8dbfc9719e 2,1
4qAEECUW9Tybl1jR30IeW_7VsSjp6iaplW8dhSUGFhc,1
qa09nAPI16HFZgB_fWqiWLTD7mptgFuUAstQXopX49s,0
TZClN90Z2l9MQobbSpPBJ8X0q4NveOAcj_iklWjcQzE,0
elcVMausFTUwaRRTkv8HVniWGE_qw0_J5RAFTj070rs,0
tvVcKPTYAM_Ys3mlW1nU3vXOgR2el4lKzfCcpD7R1JI,0
-bfY-dTv2m_HazvyDIg0w4LjTvFNPg_cXQXRvu4xiVM,0
fer_7620aac94f 2,1
eEMUZpcwF3UedEBfVMw5T0XsNvxkJIM4Isrqya0zHSE,1
1_41b164b5b0,1
nTHFem_nd4NM0qoTlSjTAVLTzbe9nwSNccxEz6gHrpk,1
1_3ca6a7d241,1
2_5cef861872,1
mIcDLr7-iQAQZbyGZzE94AUxPruEo6t2WpIeK6tMSOg,1
3DHehJejlfkfbbrhQtcfewK0qZmUWl2pOjssYN6kpjM,0
VbO6AbvyzshxInNY7h0OU3Ym44tkZxaSUYvZ_W3t090,1
_nQDbDT8C1_GCNfaJiJghBv7aKkPPoZdfJL0BtruX5g,0
1rdAODFp0VXEBHVKEMcQKsj5UN1RhKqccT4N8jOHolk,0
TupoAsKTUM8SqmMIz2H5uiYXbTPVJyANAqIwAsdOc1U,1
0JjfzRabUsej-1qJOCR4zvpZoEaCim4D328yJh22NKs,1
aigle_d318d70336 4,1
TEST_447ad6bcfc,1
OOFES3WGfoaYcshgWA_omjF7jqHehwaSD_wlv6vasZw,1
flamme_6765ef5389,1
RWGseCtX_GB72xTXLqZl3kgKIAeCUo83ORqNwfduQww,1
LGCzdci0CE0Tlnb8In6_BY0io8-AqBPdZgXXjlIr78s,0
W-9E0_AJh_mWMf15l8iPR3BntOjCp0mcnz5Ufpb9zoM,0
ePLO5BJ8dJ2Ko64ydE_JUahqsFZXlrBzwTSwkI-Hcx8,0
chiffres_0cd225c60c 2,1
h8mw5bPEOPkmHPIhRSSrE13CVGm46-v239RBR1BsTgY,0
eb_bdd945c759 3,1
nNps-A3zNPY2rHvapbjkpjp8TYmGsfzxEaGww-3quN4,0
MgmxtOEZeUQHfmxOkTRPICkc5JcG5wy0vvuNQ6-eedY,0
9TAyYq_HCG6TZ-hLlpl_-ATX3JIwlY_GFjXJ_J5oyME,0
t9NTueZMBrpdiw99j_PgSXurNAX9bBXOdc3jsy3AvBE,0
_4PgM6waYwm82LCdeZ0yeW9wU4aJmv_mNYL6lrKY_dc,0
lXJxA9Kb0mhmTXzsoQE2JmqV-IyIF5xrzz7D4xOx60w,1
fL1fjrryPxLuS3lpunYkwI6SP7w0MhWQqLXkAumCtc4,1
5_5e1e1b49af,0
Guy2Gp0ASaONdGwa-ZYrBqKyPDpsUk-JJJa5b_e4mXo,0
jSpHPyiZZjtPFCx02ZwJyU79-NRrT6h7NHkmvWPs1Ts,0
qhPUUZFtulh4Vq3DKH4EnuA4aVTaeZZB5UH-2ygQepM,1
iIB3UlvcwH3s3yIN23GtMgYLJZmPDlAB2neBIHilS9U,1
TNQ6C0CiaHB4WYvq2PEbmGKWcUQUXALFfSIIum2-qXU,0
meht_4c964b355a 2,1
-mvffLyjYPyexyPf1l1X6HuDFHPsMGx0BhDrAkho4Ss,1
UOUmaSoZTcnghppHM0gD-1KO-DF6DTEQbqQR2hV3WiA,0
LSdFBWnXT6HbbJ8PEIzJvktOzYDA8w8Vqj7ncCeNewI,0
1_06f553d45c,0
ueldWR_g4XMfGczz7jcLwe3Vs7bcPvjF19XCna5AS6k,0
zdXQjZyjiTUtMoYztj8a-tWa2BdQrulFaRqQHwyZOmI,1
Wyq-On8FcwPEqPODT3pc-RJBniqy9fxkCojUlWCa6j4,0
Capture_d_ecran_2024_05_25_a_19_11_21_f5efc6c539 2,1
1_d2d9c54c89,0
Fichier_153_6x_c8de512ae9 4,1
svastone_a2efdc5c51,1
g02T-q2WKlMMDExqT8JR73YKYN4ED-roJEX2PlSPDQ4,0
aMpa25jPohZ6FcvqoB3GaRdKSqNqS-WrbETDpX9tzZQ,0
Bn-lE8tDXqGALcpEoHf2DCNUrq_dvYbd27aOLjedkY0,0
UojPXEf3vXfsubJhl-H00RV0JwEMP7nbf85A04QLhU4,1
1oc_0R5ENCNMNQWbnncFeJfZZ_h1nCzLJZJr6RAD7I8,1
I43U3oxsaqYKpWZp1vLXGorIoitrix1j-KZsNHqFn5o,1
UZ_E1M0PEtTxtej_ctdGWW_RgNyUn_ornYm1pOBdf3c,1
LpnabM46ZVaaP_T5Zfh46-MAY57kVq7UsyziiIiW7t8,1
0_v3TjzTd6lPxgFmdWJWxB_mHDGOgtKhE-I2uYVmvUk,1
0rvvmmADxruvgSWqi95O8nAz1VPQ8uHGO6LcrN1X1ZM,0
